"出品者SKU","FNSKU","ASIN","商品名","コンディション","価格","出品者出荷在庫","出品者出荷在庫(出荷可)","Amazon出荷在庫","Amazon出荷在庫(配送センター内)","Amazon出荷在庫(出荷可)","Amazon出荷在庫(販売不可)","Amazon出荷在庫(引当済み)","Amazon出荷在庫(合計)","容積","Amazon納品数(準備中)","Amazon納品数(発送済み)","Amazon納品数(受領中)","afn-researching-qty","afn-reserved-future-supply","afn-future-supply-buyable","afn-fc-transfer-quantity","afn-onhand-buyable-quantity","ストア"
"7003-9","X0013AGKAP","B0BVVD5Q99","[FEELLIFE] 花粉対策メガネ 7003 曇り止め 紫外線対策 クリア","新品","2695.00","いいえ",,"はい","0","0","0","0","0","739.55","0","0","0","0","0","0","0","0",
"8000-3","X000Y52G99","B098D5LZ6J","FEEL LIFE 面白サングラス パーティー 日本代表 応援グッズ フェス 国旗 メガネ イベントグッズ 世界大会 国際試合 8000-3","新品","880.00","いいえ",,"はい","0","0","0","0","0","2642.58","0","0","0","0","0","0","0","0",
"8020-1","X000Y52A2R","B098CXKQMP","FEEL LIFE TOKYO 面白サングラス パーティー 世界大会 応援グッズ フェス メガネ イベントグッズ 仮装 スポーツ応援 8020-1","新品","880.00","いいえ",,"はい","0","0","0","0","0","2748.27","0","0","0","0","0","0","0","0",
"8020-2","X000Y52A31","B098CYDBS2","FEEL LIFE TOKYO 面白サングラス パーティー 世界大会 応援グッズ フェス メガネ イベントグッズ 仮装 スポーツ応援 8020-2","新品","880.00","いいえ",,"はい","0","0","0","0","0","2756.63","0","0","0","0","0","0","0","0",
"BDR-3001-1+1.00","X0015YQNFB","B0CP6W7MJN","[BEAMS DESIGN] 低度数老眼鏡 ブルーライトカット おしゃれ 専用ケース付き BDR-3001-1+1.00","新品","5500.00","いいえ",,"はい","15","15","0","0","15","599.11","0","0","0","0","0","0","0","15",
"BDR-3001-1+1.50","X0015Z5PFT","B0CP6YN6BW","[BEAMS DESIGN] 低度数老眼鏡 ブルーライトカット おしゃれ 専用ケース付き BDR-3001-1+1.50","新品","5500.00","いいえ",,"はい","14","14","0","0","14","610.42","0","0","0","0","0","0","0","14",
"BDR-3001-1+2.00","X0015Z36P5","B0CP6X8J46","[BEAMS DESIGN] 低度数老眼鏡 ブルーライトカット おしゃれ 専用ケース付き BDR-3001-1+2.00","新品","5500.00","いいえ",,"はい","15","15","0","0","15","585.51","0","0","0","0","0","0","0","15",
"BDR-3001-2+1.00","X0015Z36PZ","B0CP6Y2WW6","[BEAMS DESIGN] 低度数老眼鏡 ブルーライトカット おしゃれ 専用ケース付き BDR-3001-2+1.00","新品","5500.00","いいえ",,"はい","15","15","0","0","15","602.39","0","0","0","0","0","0","0","15",
"BDR-3001-2+1.25","X0015YQNFV","B0CP6YJ6LB","[BEAMS DESIGN] 低度数老眼鏡 ブルーライトカット おしゃれ 専用ケース付き BDR-3001-2+1.25","新品","5500.00","いいえ",,"はい","6","6","0","0","6","574.37","0","0","0","0","0","0","0","6",
"BDR-3001-2+1.50","X0015YQNG5","B0CP6XTKLY","[BEAMS DESIGN] 低度数老眼鏡 ブルーライトカット おしゃれ 専用ケース付き BDR-3001-2+1.50","新品","5500.00","いいえ",,"はい","16","16","0","0","16","599.11","0","0","0","0","0","0","0","16",
"BDR-3001-2+2.00","X0015Z5PGD","B0CP6X9MRV","[BEAMS DESIGN] 低度数老眼鏡 ブルーライトカット おしゃれ 専用ケース付き BDR-3001-2+2.00","新品","5500.00","いいえ",,"はい","16","16","0","0","16","607.8","0","0","0","0","0","0","0","16",
"BDR-3002-1+1.00","X0015YQNF1","B0CP6WVBT7","[BEAMS DESIGN] 低度数老眼鏡 ブルーライトカット おしゃれ 専用ケース付き BDR-3002-1+1.00","新品","5500.00","いいえ",,"はい","16","16","0","0","16","610.42","0","0","0","0","0","0","0","16",
"BDR-3002-1+1.50","X0015YZJPL","B0CP6WTJHC","[ビームス デザイン] 低度数老眼鏡 ブルーライトカット おしゃれ 専用ケース付き BDR-3002-1+1.50","新品","5500.00","いいえ",,"はい","16","16","0","0","16","610.42","0","0","0","0","0","0","0","16",
"BDR-3002-1+2.00","X0015Z5PFJ","B0CP6XQGTC","[BEAMS DESIGN] 低度数老眼鏡 ブルーライトカット おしゃれ 専用ケース付き BDR-3002-1+2.00","新品","5500.00","いいえ",,"はい","15","15","0","0","15","586.98","0","0","0","0","0","0","0","15",
"BDR-3002-2+1.00","X0015YZJQ5","B0CP6YR2G1","[BEAMS DESIGN] 低度数老眼鏡 ブルーライトカット おしゃれ 専用ケース付き BDR-3002-2+1.00","新品","5500.00","いいえ",,"はい","12","12","0","0","12","595.83","0","0","0","0","0","0","0","12",
"BDR-3002-2+1.50","X0015Z5PI1","B0CP6W7MH8","[BEAMS DESIGN] 低度数老眼鏡 ブルーライトカット おしゃれ 専用ケース付き BDR-3002-2+1.50","新品","5500.00","いいえ",,"はい","16","16","0","0","16","602.39","0","0","0","0","0","0","0","16",
"BDR-3002-2+2.00","X0015Z5PIB","B0CP6XDY61","[BEAMS DESIGN] 低度数老眼鏡 ブルーライトカット おしゃれ 専用ケース付き BDR-3002-2+2.00","新品","5500.00","いいえ",,"はい","20","20","0","0","20","602.39","0","0","0","0","0","0","0","20",
"BDR-3003-1+1.00","X0015YQNGF","B0CP6WR7XR","[BEAMS DESIGN] 低度数老眼鏡 ブルーライトカット 専用ケース付き BDR-3003-1+1.00","新品","5500.00","いいえ",,"はい","7","7","0","0","7","607.14","0","0","0","0","0","0","0","7",
"BDR-3003-1+1.50","X0015YZJSD","B0CP6W5JBQ","[BEAMS DESIGN] 低度数老眼鏡 ブルーライトカット 専用ケース付き BDR-3003-1+1.50","新品","5500.00","いいえ",,"はい","7","7","0","0","7","607.14","0","0","0","0","0","0","0","7",
"BDR-3003-1+2.00","X0015Z5PIL","B0CP6Y5DX2","[BEAMS DESIGN] 低度数老眼鏡 ブルーライトカット 専用ケース付き BDR-3003-1+2.00","新品","5500.00","いいえ",,"はい","9","9","0","0","9","592.56","0","0","0","0","0","0","0","9",
"BDR-3003-2+1.00","X0015YQNHT","B0CP6X7PH8","[BEAMS DESIGN] 低度数老眼鏡 ブルーライトカット 専用ケース付き BDR-3003-2+1.00","新品","5500.00","いいえ",,"はい","0","0","0","0","0","595.83","0","0","0","0","0","0","0","0",
"BDR-3003-2+1.50","X0015Z5PHR","B0CP6X9DB5","[BEAMS DESIGN] 低度数老眼鏡 ブルーライトカット 専用ケース付き BDR-3003-2+1.50","新品","5500.00","いいえ",,"はい","0","0","0","0","0","599.11","0","0","0","0","0","0","0","0",
"BDR-3003-2+2.00","X0015YQNGZ","B0CP6YGQKT","[BEAMS DESIGN] 低度数老眼鏡 ブルーライトカット 専用ケース付き BDR-3003-2+2.00","新品","5500.00","いいえ",,"はい","4","4","0","0","4","622.87","0","0","0","0","0","0","0","4",
"BDR-3004-1+0.50","X0015Z36R3","B0CP6WRL2C","[BEAMS DESIGN] 低度数老眼鏡 ブルーライトカット おしゃれ 専用ケース付き BDR-3004-1+0.50","新品","5500.00","いいえ",,"はい","4","4","0","0","4","595.83","0","0","0","0","0","0","0","4",
"BDR-3004-1+1.00","X0015Z36QT","B0CP6WQG86","[BEAMS DESIGN] 低度数老眼鏡 ブルーライトカット おしゃれ 専用ケース付き ビームスデザイン BDR-3004-1+1.00","新品","5500.00","いいえ",,"はい","11","11","0","0","11","594.19","0","0","0","0","0","0","0","11",
"BDR-3004-1+1.50","X0015YZJS3","B0CP6XVBLQ","[BEAMS DESIGN] 低度数老眼鏡 ブルーライトカット おしゃれ 専用ケース付き ビームスデザイン BDR-3004-1+1.50","新品","5500.00","いいえ",,"はい","12","12","0","0","12","603.86","0","0","0","0","0","0","0","12",
"BDR-3004-1+2.00","X0015YQNHJ","B0CP6VR7GC","[BEAMS DESIGN] 低度数老眼鏡 ブルーライトカット おしゃれ 専用ケース付き BDR-3004-1+2.00","新品","5500.00","いいえ",,"はい","17","17","0","0","17","576.01","0","0","0","0","0","0","0","17",
"BDR-3004-2+1.00","X0015Z36RN","B0CP6XWDJQ","[BEAMS DESIGN] 低度数老眼鏡 ブルーライトカット おしゃれ 専用ケース付き BDR-3004-2+1.00","新品","5500.00","いいえ",,"はい","14","14","0","0","14","599.11","0","0","0","0","0","0","0","14",
"BDR-3004-2+1.50","X0015YQNIN","B0CP6XDDCC","[BEAMS DESIGN] 低度数老眼鏡 ブルーライトカット おしゃれ 専用ケース付き BDR-3004-2+1.50","新品","5500.00","いいえ",,"はい","12","11","0","1","12","610.42","0","0","0","0","0","0","0","11",
"BDR-3004-2+2.00","X0015Z36SR","B0CP6WYRLX","[BEAMS DESIGN] 低度数老眼鏡 ブルーライトカット おしゃれ 専用ケース付き BDR-3004-2+2.00","新品","5500.00","いいえ",,"はい","12","12","0","0","12","594.19","0","0","0","0","0","0","0","12",
"FI5135-1P","X000OK3CKV","B07DFVG1CD","FEEL LIFE PCメガネ FI5135-1P ブルーライトカット ブラック","新品","2530.00","いいえ",,"はい","0","0","0","0","0","960.45","0","0","0","0","0","0","0","0",
"FI5135-2P","X000OO9W8X","B07DV98VKR","FEEL LIFE PCメガネ FI5135-2P ブルーライトカット ブラウンデミ","新品","2530.00","いいえ",,"はい","1","1","0","0","1","960.94","0","0","0","0","0","0","0","1",
"FI7006-1","X000N6MVDP","B078JLQG6H","FEEL LIFE ウェリントン型折りたたみファッションサングラス FI7006-1 ブラック×スモーク","新品","2420.00","いいえ",,"はい","0","0","0","0","0","1291.3","0","0","0","0","0","0","0","0",
"FI7006-2","X000N6VJKV","B078JMSZ6P","FEEL LIFE ウェリントン型折りたたみファッションサングラス FI7006-2 ブラウンデミ×ブラウン","新品","2420.00","いいえ",,"はい","1","1","0","0","1","1122.35","0","0","0","0","0","0","0","1",
"FI7007-2","X000MYQXTB","B078J7JB84","FEEL LIFE 花粉対策メガネ ブルーライトカットFI7007-2 ブラウンデミ","新品","2200.00","いいえ",,"はい","0","0","0","0","0","1588.23","0","0","0","0","0","0","0","0",
"FI7058-2","X000PXTJBD","B07KJYC7WG","FEEL LIFE 花粉対策メガネ FI7058-2 ブルーライトカット 防曇レンズ採用 ブラウン","新品","2200.00","いいえ",,"はい","0","0","0","0","0","745.12","0","0","0","0","0","0","0","0",
"FIFLC-002-1 +1.00","X000OK3CK1","B07DN44GMV","FEEL LIFE リーディンググラス FLC-002-1+1.00 ブラウンデミ","新品","3960.00","いいえ",,"はい","13","13","0","0","13","652.04","0","0","0","0","0","0","0","13",
"FIFLC-002-1 +1.50","X000MKE6LR","B076HNVRF2","FEEL LIFE リーディンググラス FLC-002-1+1.50 ブラウンデミ","新品","3960.00","いいえ",,"はい","15","15","0","0","15","651.22","0","0","0","0","0","0","0","15",
"FIFLC-002-1 +2.00","X000MK3LMH","B076HLVWDF","FEEL LIFE リーディンググラス FLC-002-1+2.00 ブラウンデミ","新品","3960.00","いいえ",,"はい","15","15","0","0","15","651.22","0","0","0","0","0","0","0","15",
"FIFLC-002-1 +2.50","X000MK3MNF","B076HJMH1F","FEEL LIFE リーディンググラス FLC-002-1+2.50 ブラウンデミ","新品","3960.00","いいえ",,"はい","20","20","0","0","20","651.22","0","0","0","0","0","0","0","20",
"FIFLC-002-1 +3.00","X000MK71LT","B076HMK8XG","FEEL LIFE リーディンググラス FLC-002-1+3.00 ブラウンデミ","新品","3960.00","いいえ",,"はい","18","18","0","0","18","651.22","0","0","0","0","0","0","0","18",
"FIFLC-002-2 +1.00","X000OK3CKB","B07DN5V5MY","FEEL LIFE リーディンググラス FLC-002-2+1.00 ブラック","新品","3960.00","いいえ",,"はい","21","21","0","0","21","651.22","0","0","0","0","0","0","0","21",
"FIFLC-002-2 +1.50","X000MKEH6V","B076HLJM18","FEEL LIFE リーディンググラス FLC-002-2+1.50 ブラック","新品","3960.00","いいえ",,"はい","18","18","0","0","18","651.22","0","0","0","0","0","0","0","18",
"FIFLC-002-2 +2.00","X000MKEHC5","B076HN4621","FEEL LIFE リーディンググラス FLC-002-2+2.00 ブラック","新品","3960.00","いいえ",,"はい","21","21","0","0","21","651.22","0","0","0","0","0","0","0","21",
"FIFLC-002-2 +2.50","X000MKAQC5","B076HNKNKJ","FEEL LIFE リーディンググラス FLC-002-2+2.50 ブラック","新品","3960.00","いいえ",,"はい","14","14","0","0","14","651.22","0","0","0","0","0","0","0","14",
"FIFLC-002-2 +3.00","X000MKEPJF","B076HMBRC6","FEEL LIFE リーディンググラス FLC-002-2+3.00 ブラック","新品","3960.00","いいえ",,"はい","19","19","0","0","19","651.22","0","0","0","0","0","0","0","19",
"FIFLM-001-1 +1.00","X000OJS5KT","B07DN4M8WC","FEEL LIFE リーディンググラス FLM-001-1+1.00 シルバー メンズ","新品","3960.00","いいえ",,"はい","6","5","0","1","12","670.07","0","0","6","0","0","0","0","5",
"FIFLM-001-1 +1.50","X000MKE1ZX","B076HJSTVW","FEEL LIFE リーディンググラス FLM-001-1+1.50 シルバー メンズ","新品","3960.00","いいえ",,"はい","1","1","0","0","10","665.31","0","0","9","0","0","0","0","1",
"FIFLM-001-1 +2.00","X000MKE1ZN","B076HLFFMZ","FEEL LIFE リーディンググラス FLM-001-1+2.00 シルバー メンズ","新品","3960.00","いいえ",,"はい","1","0","0","0","10","608.62","0","0","9","1","0","0","0","0",
"FIFLM-001-1 +2.50","X000MK3LM7","B076HML1QZ","FEEL LIFE リーディンググラス FLM-001-1+2.50 シルバー メンズ","新品","3960.00","いいえ",,"はい","11","10","0","1","16","570.11","0","0","5","0","0","0","0","10",
"FIFLM-001-1 +3.00","X000MK3LL3","B076HNJD6L","FEEL LIFE リーディンググラス FLM-001-1+3.00 シルバー メンズ","新品","3960.00","いいえ",,"はい","5","3","0","1","10","671.05","0","0","5","0","0","0","1","4",
"FIFLM-001-2 +1.00","X000OK39XV","B07DN4KHMW","FEEL LIFE リーディンググラス FLM-001-2+1.00 ブラック メンズ","新品","3960.00","いいえ",,"はい","1","1","0","0","8","600.59","0","0","7","0","0","0","0","1",
"FIFLM-001-2 +1.50","X000MKEH6L","B076HLQH8S","FEEL LIFE リーディンググラス FLM-001-2+1.50 ブラック メンズ","新品","3960.00","いいえ",,"はい","4","3","0","1","10","615.33","0","0","6","0","0","0","0","3",
"FIFLM-001-2 +2.00","X000MK70OR","B076HP34VJ","FEEL LIFE リーディンググラス FLM-001-2+2.00 ブラック メンズ","新品","3960.00","いいえ",,"はい","6","5","0","1","13","554.87","0","0","7","0","0","0","0","5",
"FIFLM-001-2 +2.50","X000MKEH75","B076HMQM5L","FEEL LIFE リーディンググラス FLM-001-2+2.50 ブラック メンズ","新品","3960.00","いいえ",,"はい","8","8","0","0","13","631.39","0","0","5","0","0","0","0","8",
"FIFLM-001-2 +3.00","X000MK3LOZ","B076HNVCVR","FEEL LIFE リーディンググラス FLM-001-2+3.00 ブラック メンズ","新品","3960.00","いいえ",,"はい","11","11","0","0","16","648.44","0","0","5","0","0","0","0","11",
"FIFLM-002-1 +1.00","X000OK39Y5","B07DN5PGGN","FEEL LIFE リーディンググラス FLM-002-1+1.00 シルバーマット メンズ","新品","3960.00","いいえ",,"はい","22","20","0","2","22","654.66","0","0","0","0","0","0","0","20",
"FIFLM-002-1 +1.50","X000MKEPJZ","B076HKT6HQ","FEEL LIFE リーディンググラス FLM-002-1+1.50 シルバーマット メンズ","新品","3960.00","いいえ",,"はい","9","9","0","0","9","657.78","0","0","0","0","0","0","0","9",
"FIFLM-002-1 +2.00","X000MKAL5H","B076HMZV12","FEEL LIFE リーディンググラス FLM-002-1+2.00 シルバーマット メンズ","新品","3960.00","いいえ",,"はい","12","12","0","0","12","636.64","0","0","0","0","0","0","0","12",
"FIFLM-002-1 +2.50","X000MKE6LH","B076HN8NTS","FEEL LIFE リーディンググラス FLM-002-1+2.50 シルバーマット メンズ","新品","3960.00","いいえ",,"はい","21","21","0","0","21","636.64","0","0","0","0","0","0","0","21",
"FIFLM-002-1 +3.00","X000MK3LOF","B076HN7PL9","FEEL LIFE リーディンググラス FLM-002-1+3.00 シルバーマット メンズ","新品","3960.00","いいえ",,"はい","10","10","0","0","10","636.64","0","0","0","0","0","0","0","10",
"FIFLM-002-2 +1.00","X000OK3ABR","B07DN5VSWQ","FEEL LIFE リーディンググラス FLM-002-2+1.00 ブルーマット メンズ","新品","3960.00","いいえ",,"はい","25","25","0","0","25","636.64","0","0","0","0","0","0","0","25",
"FIFLM-002-2 +1.50","X000MK3LP9","B076HN46FN","FEEL LIFE リーディンググラス FLM-002-2+1.50 ブルーマット メンズ","新品","3960.00","いいえ",,"はい","27","27","0","0","27","615.99","0","0","0","0","0","0","0","27",
"FIFLM-002-2 +2.00","X000MKE6KN","B076HMJTN6","FEEL LIFE リーディンググラス FLM-002-2+2.00 ブルーマット メンズ","新品","3960.00","いいえ",,"はい","14","14","0","0","14","636.64","0","0","0","0","0","0","0","14",
"FIFLM-002-2 +2.50","X000MK3LOP","B076HJMGBR","FEEL LIFE リーディンググラス FLM-002-2+2.50 ブルーマット メンズ","新品","3960.00","いいえ",,"はい","15","15","0","0","15","636.64","0","0","0","0","0","0","0","15",
"FIFLM-002-2 +3.00","X000MKAL6B","B076HLWQYJ","FEEL LIFE リーディンググラス FLM-002-2+3.00 ブルーマット メンズ","新品","3960.00","いいえ",,"はい","9","9","0","0","9","636.64","0","0","0","0","0","0","0","9",
"FIFLW-002-2A","X00187GYM7","B0D95RQJTB","[FEELLIFE] 偏光機能付きサングラス 薄色レンズ 軽量 UVカット 鯖江メーカー企画 FLW-002-2","新品","4400.00","いいえ",,"はい","1","1","0","0","1","1113.83","0","0","0","0","0","0","0","1",
"FIFLW-002-3A","X00187KD3N","B0D95SCC89","[FEELLIFE] 偏光機能付きサングラス 薄色レンズ 軽量 UVカット 鯖江メーカー企画 FLW-002-3","新品","4400.00","いいえ",,"はい","1","1","0","0","1","1113.83","0","0","0","0","0","0","0","1",
"FIFLW-002-4A","X00187M5B1","B0D95SSBHR","[FEELLIFE] 偏光機能付きサングラス 薄色レンズ 軽量 UVカット 鯖江メーカー企画 FLW-002-4","新品","4400.00","いいえ",,"はい","20","20","0","0","20","1113.83","0","0","0","0","0","0","0","20",
"FISI-01SA-1A-150","X0010AAWKR","B09TZSYWVF","[SHIORI] 栞 薄型 老眼鏡 リーディンググラス ブルーライトカット レディース メンズ おしゃれ 鯖江企画SI-01SA-1A +1.50","新品","4950.00","いいえ",,"はい","8","7","0","1","13","172.88","0","0","5","0","0","0","0","7",
"FISI-01SA-1A-200","X0010A9JIN","B09TZSVQND","[SHIORI] 栞 薄型 老眼鏡 リーディンググラス ブルーライトカット レディース メンズ おしゃれ 鯖江企画SI-01SA-1A +2.00","新品","4950.00","いいえ",,"はい","10","10","0","0","13","209.26","0","0","3","0","0","0","0","10",
"FISI-01SA-1A-250","X0010ABA1H","B09TZS9R4Y","[SHIORI] 栞 薄型 老眼鏡 リーディンググラス ブルーライトカット レディース メンズ おしゃれ 鯖江企画SI-01SA-1A +2.50","新品","4950.00","いいえ",,"はい","1","0","0","0","1","209.26","0","0","0","1","0","0","0","0",
"FISI-01SA-1A-300","X0010AAWLB","B09TZS6YJG","[SHIORI] 栞 薄型 老眼鏡 リーディンググラス ブルーライトカット レディース メンズ おしゃれ 鯖江企画SI-01SA-1A +3.00","新品","4950.00","いいえ",,"はい","10","10","0","0","10","209.26","0","0","0","0","0","0","0","10",
"FISI-01SA-2A-150","X0010AAWLV","B09TZTHFD4","[SHIORI] 栞 薄型 老眼鏡 リーディンググラス ブルーライトカット レディース メンズ おしゃれ 鯖江企画 SI-01SA-2A +1.50","新品","4950.00","いいえ",,"はい","7","7","0","0","12","209.26","0","0","5","0","0","0","0","7",
"FISI-01SA-2A-200","X0010AAWK7","B09TZS47MZ","[SHIORI] 栞 薄型 老眼鏡 リーディンググラス ブルーライトカット レディース メンズ おしゃれ 鯖江企画 SI-01SA-2A +2.00","新品","4950.00","いいえ",,"はい","1","1","0","0","13","183.54","0","0","12","0","0","0","0","1",
"FISI-01SA-2A-250","X0010A9JJ7","B09TZSRDXT","[SHIORI] 栞 薄型 老眼鏡 リーディンググラス ブルーライトカット レディース メンズ おしゃれ 鯖江企画 SI-01SA-2A +2.50","新品","4950.00","いいえ",,"はい","0","0","0","0","0","209.26","0","0","0","0","0","0","0","0",
"FISI-01SA-2A-300","X0010ABA17","B09TZSML7T","[SHIORI] 栞 薄型 老眼鏡 リーディンググラス ブルーライトカット レディース メンズ おしゃれ 鯖江企画 SI-01SA-2A +3.00","新品","4950.00","いいえ",,"はい","1","0","0","1","1","209.26","0","0","0","0","0","0","0","0",
"FISI-01SA-3A-150","X0010ABA0X","B09TZST8FZ","[SHIORI] 栞 薄型 老眼鏡 リーディンググラス ブルーライトカット レディース メンズ おしゃれ 鯖江企画 SI-01SA-3A +1.50","新品","4950.00","いいえ",,"はい","13","12","0","0","13","209.26","0","0","0","0","0","0","1","13",
"FISI-01SA-3A-200","X0010AAWLL","B09TZRK978","[SHIORI] 栞 薄型 老眼鏡 リーディンググラス ブルーライトカット レディース メンズ おしゃれ 鯖江企画 SI-01SA-3A +2.00","新品","4950.00","いいえ",,"はい","16","15","0","1","16","209.26","0","0","0","0","0","0","0","15",
"FISI-01SA-3A-250","X0010A9JHT","B09TZS58CL","[SHIORI] 栞 薄型 老眼鏡 リーディンググラス ブルーライトカット レディース メンズ おしゃれ 鯖江企画 SI-01SA-3A +2.50","新品","4950.00","いいえ",,"はい","11","9","0","1","11","195.83","0","0","0","0","0","0","1","10",
"FISI-01SA-3A-300","X0010ABBHF","B09TZSRDXR","[SHIORI] 栞 薄型 老眼鏡 リーディンググラス ブルーライトカット レディース メンズ おしゃれ 鯖江企画 SI-01SA-3A +3.00","新品","4620.00","いいえ",,"はい","16","16","0","0","16","209.26","0","0","0","0","0","0","0","16",
"FISI-03-1+100","X000T0XTR7","B07ZK997B2","[SHIORI] 栞 老眼鏡 薄型リーディンググラス オーバル ブルーライトカット UVカット レディース メンズ おしゃれ SI-03-1 +1.00","新品","5500.00","いいえ",,"はい","1","1","0","0","1","173.87","0","0","0","0","0","0","0","1",
"FISI-03-1+150","X000T0WG3Z","B07ZKDX999","[SHIORI] 栞 老眼鏡 薄型リーディンググラス オーバル ブルーライトカット UVカット レディース メンズ おしゃれ SI-03-1 +1.50","新品","5500.00","いいえ",,"はい","2","2","0","0","2","172.88","0","0","0","0","0","0","0","2",
"FISI-03-1+300","X000T0WAOP","B07ZKCYVBG","[SHIORI] 栞 老眼鏡 薄型リーディンググラス オーバル ブルーライトカット UVカット レディース メンズ おしゃれ SI-03-1 +3.00","新品","5500.00","いいえ",,"はい","11","11","0","0","11","170.43","0","0","0","0","0","0","0","11",
"FISI-03-2+100","X000T0WG49","B07ZKFM7C6","[SHIORI] 栞 老眼鏡 薄型リーディンググラス オーバル ブルーライトカット UVカット レディース メンズ おしゃれ SI-03-2 +1.00","新品","5500.00","いいえ",,"はい","0","0","0","0","0","171.41","0","0","0","0","0","0","0","0",
"FISI-03-2+150","X000XID4U7","B07ZKDK6JZ","[SHIORI] 栞 老眼鏡 薄型リーディンググラス オーバル ブルーライトカット UVカット レディース メンズ おしゃれ SI-03-2 +1.50","新品","5500.00","いいえ",,"はい","0","0","0","0","0","205.82","0","0","0","0","0","0","0","0",
"FISI-03-2+300","X000T0WAO5","B07ZKDDYJK","[SHIORI] 栞 老眼鏡 薄型リーディンググラス オーバル ブルーライトカット UVカット レディース メンズ おしゃれ SI-03-2 +3.00","新品","5500.00","いいえ",,"はい","12","12","0","0","12","195.33","0","0","0","0","0","0","0","12",
"FISI-03-3+100","X000T0XTSB","B07ZKC216N","[SHIORI] 栞 老眼鏡 薄型リーディンググラス オーバル ブルーライトカット UVカット レディース メンズ おしゃれ SI-03-3 +1.00","新品","5500.00","いいえ",,"はい","2","2","0","0","2","171.41","0","0","0","0","0","0","0","2",
"FISI-03-3+150","X000T0WAQ3","B07ZKDY5CH","[SHIORI] 栞 老眼鏡 薄型リーディンググラス オーバル ブルーライトカット UVカット レディース メンズ おしゃれ SI-03-3 +1.50","新品","5500.00","いいえ",,"はい","1","1","0","0","1","196.48","0","0","0","0","0","0","0","1",
"FISI-03-3+250","X000T0WG71","B07ZKDZHW2","[SHIORI] 栞 老眼鏡 薄型リーディンググラス オーバル ブルーライトカット UVカット レディース メンズ おしゃれ SI-03-3 +2.50","新品","5500.00","いいえ",,"はい","4","4","0","0","4","172.88","0","0","0","0","0","0","0","4",
"FISI-03-3+300","X000T0XTOF","B07ZK9QCYL","[SHIORI] 栞 老眼鏡 薄型リーディンググラス オーバル ブルーライトカット UVカット レディース メンズ おしゃれ SI-03-3 +3.00","新品","5500.00","いいえ",,"はい","8","8","0","0","8","195.33","0","0","0","0","0","0","0","8",
"FISI-11-1+10","X00189O96D","B0CYGHMT6P","[SHIORI] 栞 老眼鏡 レディース おしゃれ 薄型リーディンググラス ラウンド ブルーライトカット ケース付き SI-11-1 +1.00","新品","5830.00","いいえ",,"はい","14","14","0","0","14","367.23","0","0","0","0","0","0","0","14",
"FISI-11-1+15","X00189O981","B0CYGFH7QX","[SHIORI] 栞 老眼鏡 レディース おしゃれ 薄型リーディンググラス ラウンド ブルーライトカット ケース付き SI-11-1 +1.50","新品","5830.00","いいえ",,"はい","11","11","0","0","11","368.55","0","0","0","0","0","0","0","11",
"FISI-11-1+20","X00188QABB","B0CYH6SKHJ","[SHIORI] 栞 老眼鏡 レディース おしゃれ 薄型リーディンググラス ラウンド ブルーライトカットケース付き SI-11-1 +2.00","新品","5830.00","いいえ",,"はい","21","21","0","0","21","367.23","0","0","0","0","0","0","0","21",
"FISI-11-1+25","X00188QAC5","B0CYH42NJ9","[SHIORI] 栞 老眼鏡 レディース おしゃれ 薄型リーディンググラス ラウンド ブルーライトカットケース付き SI-11-1 +2.50","新品","5830.00","いいえ",,"はい","15","15","0","0","15","378.71","0","0","0","0","0","0","0","15",
"FISI-11-2+10","X00188QAB1","B0CYGL22TG","[SHIORI] 栞 老眼鏡 レディース おしゃれ 薄型リーディンググラス ラウンド ブルーライト UVカット ケース付き SI-11-2 +1.00","新品","5830.00","いいえ",,"はい","14","14","0","0","14","367.23","0","0","0","0","0","0","0","14",
"FISI-11-2+15","X00189O97H","B0CYH93SXY","[SHIORI] 栞 老眼鏡 レディース おしゃれ 薄型リーディンググラス ラウンド ブルーライト UVカット ケース付き SI-11-2 +1.50","新品","5830.00","いいえ",,"はい","0","0","0","0","0","365.27","0","0","0","0","0","0","0","0",
"FISI-11-2+20","X00189O96X","B0CYH98CP9","[SHIORI] 栞 老眼鏡 レディース おしゃれ 薄型リーディンググラス ラウンド ブルーライトカット ケース付き SI-11-2+2.00","新品","5830.00","いいえ",,"はい","18","18","0","0","18","391.49","0","0","0","0","0","0","0","18",
"FISI-11-2+25","X00189O977","B0CYGL2F4J","[SHIORI] 栞 老眼鏡 レディース おしゃれ 薄型リーディンググラス ラウンド ブルーライト UVカット ケース付き SI-11-2 +2.50","新品","5830.00","いいえ",,"はい","19","19","0","0","19","393.62","0","0","0","0","0","0","0","19",
"FISI-11-3+10","X00189O96N","B0CYH4639F","[SHIORI] 栞 老眼鏡 レディース おしゃれ 薄型リーディンググラス ラウンド ブルーライト UVカット ケース付き SI-11-3 +1.00","新品","5830.00","いいえ",,"はい","17","17","0","0","17","374.28","0","0","0","0","0","0","0","17",
"FISI-11-3+15","X00188QABV","B0CYGVYR2S","[SHIORI] 栞 老眼鏡 レディース おしゃれ 薄型リーディンググラス ラウンド ブルーライト UVカット ケース付き SI-11-3 +1.50","新品","5830.00","いいえ",,"はい","3","3","0","0","3","367.23","0","0","0","0","0","0","0","3",
"FISI-11-3+20","X00188QABL","B0CYGR1SX4","[SHIORI] 栞 老眼鏡 レディース おしゃれ 薄型リーディンググラス ラウンド ブルーライト UVカット ケース付き SI-11-3+2.00","新品","5830.00","いいえ",,"はい","14","14","0","0","14","362.48","0","0","0","0","0","0","0","14",
"FISI-11-3+25","X00189O97R","B0CYGTDNH5","[SHIORI] 栞 老眼鏡 レディース おしゃれ 薄型リーディンググラス ラウンド ブルーライト UVカット ケース付き SI-11-3 +2.50","新品","5830.00","いいえ",,"はい","13","13","0","0","13","369.36","0","0","0","0","0","0","0","13",
"FISI-11PH-1-10","X0018CVQE3","B0D7C68CF7","[SHIORI] 栞 老眼鏡 レディース メンズ おしゃれ リーディンググラス 調光レンズ ブルーライトカット ケース付き SI-11PH-1 +1.00","新品","7150.00","いいえ",,"はい","15","15","0","0","15","397.55","0","0","0","0","0","0","0","15",
"FISI-11PH-1-15","X0018CPXDX","B0D7C3GJZ9","[SHIORI] 栞 老眼鏡 レディース メンズ おしゃれ リーディンググラス 調光レンズ ブルーライトカット ケース付き SI-11PH-1 +1.50","新品","7150.00","いいえ",,"はい","13","13","0","0","13","389.36","0","0","0","0","0","0","0","13",
"FISI-11PH-1-20","X0018CVUQ7","B0D7C4ZMYH","[SHIORI] 栞 老眼鏡 レディース メンズ おしゃれ リーディンググラス 調光レンズ ブルーライトカット ケース付き SI-11PH-1 +2.00","新品","7150.00","いいえ",,"はい","15","15","0","0","15","399.68","0","0","0","0","0","0","0","15",
"FISI-11PH-2-10","X0018CVUL7","B0D7C4VWXQ","[SHIORI] 栞 老眼鏡 レディース メンズ おしゃれ リーディンググラス 調光レンズ ブルーライトカット ケース付き SI-11PH-2 +1.00","新品","7150.00","いいえ",,"はい","13","13","0","0","13","373.79","0","0","0","0","0","0","0","13",
"FISI-11PH-2-15","X0018CSIJ9","B0D7C634KH","[SHIORI] 栞 老眼鏡 レディース メンズ おしゃれ リーディンググラス 調光レンズ ブルーライトカット ケース付き SI-11PH-2 +1.50","新品","7150.00","いいえ",,"はい","13","13","0","0","13","369.36","0","0","0","0","0","0","0","13",
"FISI-11PH-2-20","X0018CSIV7","B0D7C3F98S","[SHIORI] 栞 老眼鏡 レディース メンズ おしゃれ リーディンググラス 調光レンズ ブルーライトカット ケース付き SI-11PH-2 +2.00","新品","7150.00","いいえ",,"はい","13","13","0","0","13","364.45","0","0","0","0","0","0","0","13",
"FISI-11PH-3-10","X0018CQMP1","B0D7C4ZMYD","[SHIORI] 栞 老眼鏡 レディース メンズ おしゃれ リーディンググラス 調光レンズ ブルーライトカット ケース付き SI-11PH-3 +1.00","新品","7150.00","いいえ",,"はい","16","16","0","0","16","364.45","0","0","0","0","0","0","0","16",
"FISI-11PH-3-15","X0018CQMLP","B0D7C3S898","[SHIORI] 栞 老眼鏡 レディース メンズ おしゃれ リーディンググラス 調光レンズ ブルーライトカット ケース付き SI-11PH-3 +1.50","新品","7150.00","いいえ",,"はい","9","9","0","0","9","362.48","0","0","0","0","0","0","0","9",
"FISI-11PH-3-20","X0018CSKLP","B0D7C5S4Q3","[SHIORI] 栞 老眼鏡 レディース メンズ おしゃれ リーディンググラス 調光レンズ ブルーライトカット ケース付き SI-11PH-3 +2.00","新品","7150.00","いいえ",,"はい","13","13","0","0","13","369.36","0","0","0","0","0","0","0","13",
"FISI-13PH-1-10","X0018CQVD9","B0D52L934G","[SHIORI] 栞 跳ね上げ式 老眼鏡 調光レンズ メンズ レディース おしゃれ 薄型リーディンググラス ケース付き SI-13PH-1 +1.00","新品","8250.00","いいえ",,"はい","11","11","0","0","11","369.36","0","0","0","0","0","0","0","11",
"FISI-13PH-1-15","X0018CSXGR","B0D52FL6NK","[SHIORI] 栞 跳ね上げ式 老眼鏡 調光レンズ メンズ レディース おしゃれ 薄型リーディンググラス ケース付き SI-13PH-1 +1.50","新品","8250.00","いいえ",,"はい","9","9","0","0","15","369.36","0","0","6","0","0","0","0","9",
"FISI-13PH-1-20","X0018CSXYT","B0D53FBYHY","[SHIORI] 栞 跳ね上げ式 老眼鏡 調光レンズ メンズ レディース おしゃれ 薄型リーディンググラス ケース付き SI-13PH-1 +2.00","新品","8250.00","いいえ",,"はい","12","12","0","0","15","371.33","0","0","3","0","0","0","0","12",
"FISI-13PH-2-10","X0018CVZU3","B0D537RC4J","[SHIORI] 栞 跳ね上げ式 老眼鏡 調光レンズ メンズ レディース おしゃれ 薄型リーディンググラス ケース付き SI-13PH-2 +1.00","新品","8250.00","いいえ",,"はい","8","8","0","0","13","372.15","0","0","5","0","0","0","0","8",
"FISI-13PH-2-15","X0018CXDH1","B0D533S9LS","[SHIORI] 栞 跳ね上げ式 老眼鏡 調光レンズ メンズ レディース おしゃれ 薄型リーディンググラス ケース付き SI-13PH-2 +1.50","新品","8250.00","いいえ",,"はい","15","15","0","0","15","372.15","0","0","0","0","0","0","0","15",
"FISI-13PH-2-20","X0018CSXVR","B0D53CVGV3","[SHIORI] 栞 跳ね上げ式 老眼鏡 調光レンズ メンズ レディース おしゃれ 薄型リーディンググラス ケース付き SI-13PH-2 +2.00","新品","8250.00","いいえ",,"はい","10","10","0","0","10","376.25","0","0","0","0","0","0","0","10",
"FISI-13PH-3-10","X0018D1C23","B0D53CQXPG","[SHIORI] 栞 跳ね上げ式 老眼鏡 調光レンズ メンズ レディース おしゃれ 薄型リーディンググラス ケース付き SI-13PH-3 +1.00","新品","8250.00","いいえ",,"はい","3","3","0","0","3","390.18","0","0","0","0","0","0","0","3",
"FISI-13PH-3-15","X0018CXDQH","B0D5361PB1","[SHIORI] 栞 跳ね上げ式 老眼鏡 調光レンズ メンズ レディース おしゃれ 薄型リーディンググラス ケース付き SI-13PH-3 +1.50","新品","8250.00","いいえ",,"はい","14","14","0","0","14","385.92","0","0","0","0","0","0","0","14",
"FISI-13PH-3-20","X0018CSXF3","B0D537RL1K","[SHIORI] 栞 跳ね上げ式 老眼鏡 調光レンズ メンズ レディース おしゃれ 薄型リーディンググラス ケース付き SI-13PH-3 +2.00","新品","8250.00","いいえ",,"はい","12","11","0","1","14","369.36","0","0","2","0","0","0","0","11",
"FISI04-1","X000QNXHE7","B07N6PK2HD","SHIORI 薄型軽量サングラス SI04-1 フルフラット ラウンドタイプ ブラック","新品","3300.00","いいえ",,"はい","9","8","0","0","9","240.07","0","0","0","1","0","0","0","8",
"FISI04-2","X000QNXHEH","B07N6Q2Y7P","SHIORI 薄型軽量サングラス SI04-2 フルフラット ラウンドタイプ ブラウンデミ","新品","3300.00","いいえ",,"はい","11","11","0","0","11","198.94","0","0","0","0","0","0","0","11",
"FISI04-3","X000QAVLWF","B07N6PDLDY","SHIORI 薄型軽量サングラス SI04-3 フルフラット ラウンドタイプ シルバーゴールド","新品","3300.00","いいえ",,"はい","11","8","0","2","11","240.07","0","0","0","0","0","0","1","9",
"FISI04-4","X000QN5HSV","B07N6Q2VRH","SHIORI 薄型軽量サングラス SI04-4 フルフラット ラウンドタイプ シルバー","新品","3300.00","いいえ",,"はい","13","13","0","0","13","240.07","0","0","0","0","0","0","0","13",
"FISI05-1 +1.00","X000QN5H7R","B07N6QWBGG","[SHIORI] 栞 老眼鏡 薄型リーディンググラス 可動式鼻パッド ラウンド レディース メンズ おしゃれ シルバー SI-05-1 +1.00","新品","4290.00","いいえ",,"はい","8","8","0","0","17","292.18","0","0","9","0","0","0","0","8",
"FISI05-1 +1.50","X000QNXHER","B07N6Q7CLC","[SHIORI] 栞 老眼鏡 薄型リーディンググラス 可動式鼻パッド ラウンド レディース メンズ おしゃれ シルバー SI-05-1 +1.50","新品","4290.00","いいえ",,"はい","6","6","0","0","16","227.62","0","0","10","0","0","0","0","6",
"FISI05-1 +2.00","X000QN5H7H","B07N6Z86JC","[SHIORI] 栞 老眼鏡 薄型リーディンググラス 可動式鼻パッド ラウンド レディース メンズ おしゃれ シルバー SI-05-1 +2.00","新品","4290.00","いいえ",,"はい","0","0","0","0","2","211.07","0","0","2","0","0","0","0","0",
"FISI05-1 +2.50","X000QN5H6X","B07N6PV9S6","[SHIORI] 栞 老眼鏡 薄型リーディンググラス 可動式鼻パッド ラウンド レディース メンズ おしゃれ シルバー SI-05-1 +2.50","新品","4290.00","いいえ",,"はい","25","25","0","0","25","175.83","0","0","0","0","0","0","0","25",
"FISI05-1 +3.00","X000QN5H77","B07N6PV94P","[SHIORI] 栞 老眼鏡 薄型リーディンググラス 可動式鼻パッド ラウンド レディース メンズ おしゃれ シルバー SI-05-1 +3.00","新品","4290.00","いいえ",,"はい","10","10","0","0","10","290.05","0","0","0","0","0","0","0","10",
"FISI05-2 +1.00","X000QNW2RF","B07N6QG5MN","[SHIORI] 栞 老眼鏡 薄型リーディンググラス 可動式鼻パッド ラウンド レディース メンズ おしゃれ ブラウンデミ SI-05-2 +1.00","新品","4290.00","いいえ",,"はい","3","3","0","0","11","284.48","0","0","8","0","0","0","0","3",
"FISI05-2 +1.50","X000QAVLW5","B07N6PW433","[SHIORI] 栞 老眼鏡 薄型リーディンググラス 可動式鼻パッド ラウンド レディース メンズ おしゃれ ブラウンデミ SI-05-2 +1.50","新品","4290.00","いいえ",,"はい","4","2","0","2","13","281.53","0","0","9","0","0","0","0","2",
"FISI05-2 +2.00","X000QAVLVV","B07N6PPC6W","[SHIORI] 栞 老眼鏡 薄型リーディンググラス 可動式鼻パッド ラウンド レディース メンズ おしゃれ ブラウンデミ SI-05-2 +2.00","新品","4290.00","いいえ",,"はい","6","6","0","0","11","213.2","0","0","5","0","0","0","0","6",
"FISI05-2 +2.50","X000QNW2R5","B07N6PMH4T","[SHIORI] 栞 老眼鏡 薄型リーディンググラス 可動式鼻パッド ラウンド レディース メンズ おしゃれ ブラウンデミ SI-05-2 +2.50","新品","4290.00","いいえ",,"はい","1","1","0","0","5","272.52","0","0","4","0","0","0","0","1",
"FISI05-2 +3.00","X000QNW2QV","B07N6QG2GV","[SHIORI] 栞 老眼鏡 薄型リーディンググラス 可動式鼻パッド ラウンド レディース メンズ おしゃれ ブラウンデミ SI-05-2 +3.00","新品","4290.00","いいえ",,"はい","0","0","0","0","0","287.92","0","0","0","0","0","0","0","0",
"FISI05-3 +1.00","X000QNVRK3","B07N6Q9G9T","[SHIORI] 栞 老眼鏡 薄型リーディンググラス 可動式鼻パッド ラウンド レディース メンズ おしゃれ ブラック SI-05-3 +1.00","新品","4290.00","いいえ",,"はい","11","11","0","0","11","259.73","0","0","0","0","0","0","0","11",
"FISI05-3 +2.00","X000QNVRJT","B07N6QC98D","[SHIORI] 栞 老眼鏡 薄型リーディンググラス 可動式鼻パッド ラウンド レディース メンズ おしゃれ ブラック SI-05-3 +2.00","新品","4290.00","いいえ",,"はい","3","1","0","2","3","300.87","0","0","0","0","0","0","0","1",
"FISI05-3 +2.50","X000QAVLWP","B07N6PRDN6","[SHIORI] 栞 老眼鏡 薄型リーディンググラス 可動式鼻パッド ラウンド レディース メンズ おしゃれ ブラック SI-05-3 +2.50","新品","4290.00","いいえ",,"はい","1","1","0","0","5","221.72","0","0","4","0","0","0","0","1",
"FISI05-3 +3.00","X000QN5HT5","B07N6Q7RW2","[SHIORI] 栞 老眼鏡 薄型リーディンググラス 可動式鼻パッド ラウンド レディース メンズ おしゃれ ブラック SI-05-3 +3.00","新品","4290.00","いいえ",,"はい","4","3","0","1","4","285.13","0","0","0","0","0","0","0","3",
"FISI05-4 +1.00","X000YXKSHN","B09GJJ7NSB","[SHIORI] 栞 老眼鏡 薄型リーディンググラス 可動式鼻パッド ラウンド レディース メンズ おしゃれ ワイン SI-05-4 +1.00","新品","4290.00","いいえ",,"はい","12","12","0","0","18","211.23","0","0","6","0","0","0","0","12",
"FISI05-4 +1.50","X000YXLHA5","B09GJQ1261","[SHIORI] 栞 老眼鏡 薄型リーディンググラス 可動式鼻パッド ラウンド レディース メンズ おしゃれ ワイン SI-05-4 +1.50","新品","4290.00","いいえ",,"はい","2","2","0","0","12","212.21","0","0","10","0","0","0","0","2",
"FISI05-4 +2.00","X000YXKSHX","B09GJLMB21","[SHIORI] 栞 老眼鏡 薄型リーディンググラス 可動式鼻パッド ラウンド レディース メンズ おしゃれ ワイン SI-05-4 +2.00","新品","4290.00","いいえ",,"はい","7","7","0","0","17","186.65","0","0","10","0","0","0","0","7",
"FISI05-4 +2.50","X000YXLH9V","B09GK13SLQ","[SHIORI] 栞 老眼鏡 薄型リーディンググラス 可動式鼻パッド ラウンド レディース メンズ おしゃれ ワイン SI-05-4 +2.50","新品","4290.00","いいえ",,"はい","16","16","0","0","16","292.18","0","0","0","0","0","0","0","16",
"FISI05-4 +3.00","X000YXKD2N","B09GK5GKZF","[SHIORI] 栞 老眼鏡 薄型リーディンググラス 可動式鼻パッド ラウンド レディース メンズ おしゃれ ワイン SI-05-4 +3.00","新品","4290.00","いいえ",,"はい","4","4","0","0","18","188.45","0","0","14","0","0","0","0","4",
"FISI07-1+150","X000U69PWN","B085Q41JSP","[SHIORI] 栞 跳ね上げ式 老眼鏡 薄型リーディンググラス 軽量 ブルーライトカット UVカット メンズ 鯖江企画 SI-07-1 +1.50","新品","5500.00","いいえ",,"はい","6","6","0","0","16","2793.67","0","0","10","0","0","0","0","6",
"FISI07-1+200","X000U69QNB","B085Q5YYF1","[SHIORI] 栞 跳ね上げ式 老眼鏡 薄型リーディンググラス 軽量 ブルーライトカット UVカット メンズ 鯖江企画 SI-07-1 +2.00","新品","5500.00","いいえ",,"はい","4","3","0","1","14","188.45","0","0","10","0","0","0","0","3",
"FISI07-1+250","X000U69KA5","B085PWLWGS","[SHIORI] 栞 跳ね上げ式 老眼鏡 薄型リーディンググラス 軽量 ブルーライトカット UVカット メンズ 鯖江企画 SI-07-1 +2.50","新品","5500.00","いいえ",,"はい","11","11","0","0","16","199.92","0","0","5","0","0","0","0","11",
"FISI07-1+300","X000U69PX7","B085Q16LL6","[SHIORI] 栞 跳ね上げ式 老眼鏡 薄型リーディンググラス 軽量 ブルーライトカット UVカット メンズ 鯖江企画 SI-07-1 +3.00","新品","5500.00","いいえ",,"はい","16","16","0","0","16","186.65","0","0","0","0","0","0","0","16",
"FISI07-2+150","X000U69K9V","B085PV9NCJ","[SHIORI] 栞 跳ね上げ式 老眼鏡 薄型リーディンググラス 軽量 ブルーライトカット UVカット メンズ 鯖江企画 SI-07-2 +1.50","新品","5500.00","いいえ",,"はい","10","7","0","0","15","186.65","0","0","5","0","0","0","3","10",
"FISI07-2+200","X000U69PWX","B085Q6BMHH","[SHIORI] 栞 跳ね上げ式 老眼鏡 薄型リーディンググラス 軽量 ブルーライトカット UVカット メンズ 鯖江企画 SI-07-2 +2.00","新品","5500.00","いいえ",,"はい","5","5","0","0","15","198.94","0","0","10","0","0","0","0","5",
"FISI07-2+250","X000U69PWD","B085PNS4GD","[SHIORI] 栞 跳ね上げ式 老眼鏡 薄型リーディンググラス 軽量 ブルーライトカット UVカット メンズ鯖江企画 SI-07-2 +2.50","新品","5500.00","いいえ",,"はい","36","36","0","0","36","257.11","0","0","0","0","0","0","0","36",
"FISI07-2+300","X000U69KAF","B085PZB6FD","[SHIORI] 栞 跳ね上げ式 老眼鏡 薄型リーディンググラス 軽量 ブルーライトカット UVカット メンズ 鯖江企画 SI-07-2 +3.00","新品","5500.00","いいえ",,"はい","13","13","0","0","13","252.2","0","0","0","0","0","0","0","13",
"FISI08-1+150","X000YDU75V","B099Z91DHX","[SHIORI] 栞 老眼鏡 薄型リーディンググラス ブルーライトカット オクタゴン レディース メンズ おしゃれ 鯖江企画 SI-08-1 +1.50","新品","5500.00","いいえ",,"はい","9","9","0","0","14","189.43","0","0","5","0","0","0","0","9",
"FISI08-1+200","X000YDVXUT","B099ZFK5N1","[SHIORI] 栞 老眼鏡 薄型リーディンググラス ブルーライトカット オクタゴン レディース メンズ おしゃれ 鯖江企画 SI-08-1 +2.00","新品","5500.00","いいえ",,"はい","18","18","0","0","18","185.67","0","0","0","0","0","0","0","18",
"FISI08-1+250","X000YDVOFN","B099Z27WLB","[SHIORI] 栞 老眼鏡 薄型リーディンググラス ブルーライトカット オクタゴン レディース メンズ おしゃれ 鯖江企画 SI-08-1 +2.50","新品","5500.00","いいえ",,"はい","9","9","0","0","14","187.47","0","0","5","0","0","0","0","9",
"FISI08-1+300","X000YDVJNP","B099YTK9RZ","[SHIORI] 栞 老眼鏡 薄型リーディンググラス ブルーライトカット オクタゴン レディース メンズ おしゃれ 鯖江企画 SI-08-1 +3.00","新品","5500.00","いいえ",,"はい","8","8","0","0","8","187.47","0","0","0","0","0","0","0","8",
"FISI08-2+150","X000YDVJNZ","B099YMDPSQ","[SHIORI] 栞 老眼鏡 薄型リーディンググラス ブルーライトカット オクタゴン レディース メンズ おしゃれ 鯖江企画 SI-08-2 +1.50","新品","5500.00","いいえ",,"はい","7","7","0","0","12","189.27","0","0","5","0","0","0","0","7",
"FISI08-2+200","X000YDVOFD","B099Z1S7S2","[SHIORI] 栞 老眼鏡 薄型リーディンググラス ブルーライトカット オクタゴン レディース メンズ おしゃれ 鯖江企画 SI-08-2 +2.00","新品","5500.00","いいえ",,"はい","7","7","0","0","12","190.25","0","0","5","0","0","0","0","7",
"FISI08-2+250","X000YDU75L","B099YZ3LHG","[SHIORI] 栞 老眼鏡 薄型リーディンググラス ブルーライトカット オクタゴンレディース メンズ おしゃれ 鯖江企画 SI-08-2 +2.50","新品","5500.00","いいえ",,"はい","9","9","0","0","14","186.65","0","0","5","0","0","0","0","9",
"FISI08-2+300","X000YDVXV3","B099YVBNP5","[SHIORI] 栞 老眼鏡 薄型リーディンググラス ブルーライトカット オクタゴン レディース メンズ おしゃれ 鯖江企画 SI-08-2 +3.00","新品","5500.00","いいえ",,"はい","13","13","0","0","13","185.67","0","0","0","0","0","0","0","13",
"FISI08-3+150","X000YDVOF3","B099Z2D4C6","[SHIORI] 栞 老眼鏡 薄型リーディンググラス ブルーライトカット オクタゴン レディース メンズ おしゃれ 鯖江企画 SI-08-3 +1.50","新品","5500.00","いいえ",,"はい","8","8","0","0","13","159.94","0","0","5","0","0","0","0","8",
"FISI08-3+200","X000YDVXVD","B099Z7G49C","[SHIORI] 栞 老眼鏡 薄型リーディンググラス ブルーライトカット オクタゴン レディース メンズ おしゃれ 鯖江企画 SI-08-3 +2.00","新品","5500.00","いいえ",,"はい","7","7","0","0","12","191.07","0","0","5","0","0","0","0","7",
"FISI08-3+250","X000YDU75B","B099Z4WW84","[SHIORI] 栞 老眼鏡 薄型リーディンググラス ブルーライトカット オクタゴン レディース メンズ おしゃれ 鯖江企画 SI-08-3 +2.50","新品","5500.00","いいえ",,"はい","17","17","0","0","18","198.94","0","0","1","0","0","0","0","17",
"FISI08-3+300","X000YDVJO9","B099Z6MZV8","[SHIORI] 栞 老眼鏡 薄型リーディンググラス ブルーライトカット オクタゴン レディース メンズ おしゃれ 鯖江企画 SI-08-3 +3.00","新品","5500.00","いいえ",,"はい","14","14","0","0","14","172.39","0","0","0","0","0","0","0","14",
"FL-2000-1+2.00","X0010ABBJN","B09TVXX3WK","[FEELLIFE] 老眼鏡 弾性樹脂 軽量 Fl-2000-1 +2.00 鯖江メーカー企画 ブルーライトカット ケース付き","新品","5280.00","いいえ",,"はい","3","3","0","0","3","647.94","0","0","0","0","0","0","0","3",
"FL-2000-1+2.50","X0010ABBHP","B09TVY4CZK","[FEELLIFE] 老眼鏡 弾性樹脂 軽量 Fl-2000-1 +2.50 鯖江メーカー企画 ブルーライトカット ケース付き","新品","5280.00","いいえ",,"はい","2","2","0","0","2","647.94","0","0","0","0","0","0","0","2",
"FL-2000-1+3.00","X0010ABBIJ","B09TVZ7KWK","[FEELLIFE] 老眼鏡 弾性樹脂 軽量 Fl-2000-1 +3.00 鯖江メーカー企画 ブルーライトカット ケース付き","新品","5280.00","いいえ",,"はい","2","2","0","0","2","647.94","0","0","0","0","0","0","0","2",
"FL-2000-2+2.00","X0010ABBI9","B09TVY85KB","[FEELLIFE] 老眼鏡 弾性樹脂 軽量 Fl-2000-2 +2.00 鯖江メーカー企画 ブルーライトカット ケース付き","新品","5280.00","いいえ",,"はい","2","2","0","0","2","647.94","0","0","0","0","0","0","0","2",
"FL-2000-2+2.50","X0010ABA3Z","B09TVWFSW4","[FEELLIFE] 老眼鏡 弾性樹脂 軽量 Fl-2000-1 +2.50 鯖江メーカー企画 ブルーライトカット ケース付き","新品","5280.00","いいえ",,"はい","1","1","0","0","1","647.94","0","0","0","0","0","0","0","1",
"FL-2000-2+3.00","X0010AAWNJ","B09TVZJLQ4","[FEELLIFE] 老眼鏡 弾性樹脂 軽量 Fl-2000-1 +3.00 鯖江メーカー企画 ブルーライトカット ケース付き","新品","5280.00","いいえ",,"はい","0","0","0","0","0","647.94","0","0","0","0","0","0","0","0",
"FL-2001-1+3.00","X0010AAWMZ","B09TVZ213D","[FEELLIFE] 老眼鏡 弾性樹脂 軽量 Fl-2001-1 +3.00 鯖江メーカー企画 ブルーライトカット ケース付き","新品","5280.00","いいえ",,"はい","2","2","0","0","2","652.21","0","0","0","0","0","0","0","2",
"FL-2001-2+2.50","X0010AAWOD","B09TVZHHVY","[FEELLIFE] 老眼鏡 弾性樹脂 軽量 Fl-2001-1 +2.50 鯖江メーカー企画 ブルーライトカット ケース付き","新品","5280.00","いいえ",,"はい","2","2","0","0","2","652.21","0","0","0","0","0","0","0","2",
"FL-2002-1+3.00","X0010A9JL5","B09TVYQ9W3","[FEELLIFE] 老眼鏡 弾性樹脂 軽量 Fl-2002-1 +3.00 鯖江メーカー企画 ブルーライトカット ケース付き","新品","5280.00","いいえ",,"はい","0","0","0","0","0","647.94","0","0","0","0","0","0","0","0",
"FL-3000-1-05","X001D79Y51","B0GFMRL2ZT","FEEL LIFE 老眼鏡 おしゃれ メンズ 調光レンズ リーディンググラス ブルーライトカット 軽量 ケース付き FL-3000-1+0.50","新品","2420.00","いいえ",,"はい","0","0","0","0","20","1918.43","0","0","20","0","0","0","0","0",
"FL-3000-1-10","X001D77IAT","B0GFMPGR5Y","FEEL LIFE 老眼鏡 おしゃれ メンズ 調光レンズ リーディンググラス ブルーライトカット 軽量 ケース付き FL-3000-1+1.00","新品","2420.00","いいえ",,"はい","18","18","0","0","20","1918.43","0","0","2","0","0","0","0","18",
"FL-3000-1-15","X001D76ST1","B0GFN9ZT6Y","FEEL LIFE 老眼鏡 おしゃれ メンズ 調光レンズ リーディンググラス ブルーライトカット 軽量 ケース付き FL-3000-1+1.50","新品","2420.00","いいえ",,"はい","20","20","0","0","20","1918.43","0","0","0","0","0","0","0","20",
"FL-3000-1-20","X001D74SGB","B0GFMXG4GK","FEEL LIFE 老眼鏡 おしゃれ メンズ 調光レンズ リーディンググラス ブルーライトカット 軽量 ケース付き FL-3000-1+2.00","新品","2420.00","いいえ",,"はい","20","20","0","0","20","1918.43","0","0","0","0","0","0","0","20",
"FL-3000-1-25","X001D7B4TP","B0GFMXFJFW","FEEL LIFE 老眼鏡 おしゃれ メンズ 調光レンズ リーディンググラス ブルーライトカット 軽量 ケース付き FL-3000-1+2.50","新品","2420.00","いいえ",,"はい","5","4","0","0","7","2002.17","0","0","2","0","0","0","1","5",
"FL-3000-2-05","X001D7B4UJ","B0GFMJG7VM","FEEL LIFE 老眼鏡 おしゃれ メンズ 調光レンズ リーディンググラス ブルーライトカット 軽量 ケース付き FL-3000-2+0.50","新品","2420.00","いいえ",,"はい","2","2","0","0","5","1918.43","0","0","3","0","0","0","0","2",
"FL-3000-2-10","X001D76SWD","B0GFMSFX4R","FEEL LIFE 老眼鏡 おしゃれ メンズ 調光レンズ リーディンググラス ブルーライトカット 軽量 ケース付き FL-3000-2+1.00","新品","2420.00","いいえ",,"はい","15","10","0","2","20","1918.43","0","0","5","0","0","0","3","13",
"FL-3000-2-15","X001D77GVZ","B0GFMQ6YL7","FEEL LIFE 老眼鏡 おしゃれ メンズ 調光レンズ リーディンググラス ブルーライトカット 軽量 ケース付き FL-3000-2+1.50","新品","2420.00","いいえ",,"はい","32","21","0","7","32","1918.43","0","0","0","0","0","0","4","25",
"FL-3000-2-20","X001D76SZZ","B0GFMYL9J9","FEEL LIFE 老眼鏡 おしゃれ メンズ 調光レンズ リーディンググラス ブルーライトカット 軽量 ケース付き FL-3000-2+2.00","新品","2420.00","いいえ",,"はい","20","15","0","0","20","1820.11","0","0","0","0","0","0","5","20",
"FL-3000-2-25","X001D79YF1","B0GFMZQB28","FEEL LIFE 老眼鏡 おしゃれ メンズ 調光レンズ リーディンググラス ブルーライトカット 軽量 ケース付き FL-3000-2+2.50","新品","2420.00","いいえ",,"はい","6","4","0","0","6","1507.12","0","0","0","0","0","0","2","6",
"FL-3000-3-05","X001D7B50X","B0GFN49222","FEEL LIFE 老眼鏡 おしゃれ メンズ 調光レンズ リーディンググラス ブルーライトカット 軽量 ケース付き FL-3000-3+0.50","新品","2420.00","いいえ",,"はい","19","17","0","0","19","1918.43","0","0","0","0","0","0","2","19",
"FL-3000-3-10","X001D77INB","B0GFMQ2B5Y","FEEL LIFE 老眼鏡 おしゃれ メンズ 調光レンズ リーディンググラス ブルーライトカット 軽量 ケース付き FL-3000-3+1.00","新品","2420.00","いいえ",,"はい","15","15","0","0","15","1135.3","0","0","0","0","0","0","0","15",
"FL-3000-3-15","X001D78OLL","B0GFN45V88","FEEL LIFE 老眼鏡 おしゃれ メンズ 調光レンズ リーディンググラス ブルーライトカット 軽量 ケース付き FL-3000-3+1.50","新品","2420.00","いいえ",,"はい","15","15","0","0","15","1918.43","0","0","0","0","0","0","0","15",
"FL-3000-3-20","X001D7DI3F","B0GFN3CYPJ","FEEL LIFE 老眼鏡 おしゃれ メンズ 調光レンズ リーディンググラス ブルーライトカット 軽量 ケース付き FL-3000-3+2.00","新品","2420.00","いいえ",,"はい","6","4","0","0","6","1918.43","0","0","0","0","0","0","2","6",
"FL-3000-3-25","X001D7A3NX","B0GFN856JV","FEEL LIFE 老眼鏡 おしゃれ メンズ 調光レンズ リーディンググラス ブルーライトカット 軽量 ケース付き FL-3000-3+2.50","新品","2420.00","いいえ",,"はい","5","5","0","0","5","1918.43","0","0","0","0","0","0","0","5",
"FLH-001PH-1+1.00","X0016MZ835","B0CQ289H55","[FEELLIFE] 跳ね上げ式老眼鏡 調光レンズ おしゃれ メンズ スクエア ブルーライトカット ケース付き FLH-001PH-1+1.00","新品","7150.00","いいえ",,"はい","12","12","0","0","12","746.43","0","0","0","0","0","0","0","12",
"FLH-001PH-1+1.50","X0016NBTZZ","B0CQ26NGHF","[FEELLIFE] 跳ね上げ式老眼鏡 調光レンズ おしゃれ メンズ スクエア ブルーライトカット ケース付き FLH-001PH-1+1.50","新品","7150.00","いいえ",,"はい","0","0","0","0","0","764.78","0","0","0","0","0","0","0","0",
"FLH-001PH-1+2.00","X0016NB0IB","B0CQ28Z2BF","[FEELLIFE] 跳ね上げ式老眼鏡 調光レンズ おしゃれ メンズ スクエア ブルーライトカット ケース付き FLH-001PH-1+2.00","新品","7150.00","いいえ",,"はい","8","8","0","0","8","768.72","0","0","0","0","0","0","0","8",
"FLH-001PH-2+1.50","X0016NB1DF","B0CQ27YD2N","[FEELLIFE] 跳ね上げ式老眼鏡 調光レンズ おしゃれ メンズ スクエア ブルーライトカット ケース付き FLH-001PH-2+1.50","新品","7150.00","いいえ",,"はい","9","9","0","0","9","779.2","0","0","0","0","0","0","0","9",
"FLH-001PH-2+2.00","X0016NB1DP","B0CQ27YW2D","[FEELLIFE] 跳ね上げ式老眼鏡 調光レンズ おしゃれ メンズ スクエア ブルーライトカット ケース付き FLH-001PH-2+2.00","新品","7150.00","いいえ",,"はい","0","0","0","0","0","795.59","0","0","0","0","0","0","0","0",
"FLK-001-1+10","X0019LVJ1X","B0DT3PLV48","FEEL LIFE 首掛け老眼鏡 高機能レンズ ブルーライトカット UVカット 鯖江メーカー企画 FLK-001-1+1.00","新品","5940.00","いいえ",,"はい","7","7","0","0","7","1106.62","0","0","0","0","0","0","0","7",
"FLK-001-1+15","X0019M14BH","B0DT3SZQV2","FEEL LIFE 首掛け老眼鏡 高機能レンズ ブルーライトカット UVカット 鯖江メーカー企画 FLK-001-1+1.50","新品","5940.00","いいえ",,"はい","1","1","0","0","1","1142.34","0","0","0","0","0","0","0","1",
"FLK-001-1+20","X0019LVJ7R","B0DT3F1Y6H","FEEL LIFE 首掛け老眼鏡 高機能レンズ ブルーライトカット UVカット 鯖江メーカー企画 FLK-001-1+2.00","新品","5940.00","いいえ",,"はい","1","1","0","0","1","1145.78","0","0","0","0","0","0","0","1",
"FLK-001-1+25","X0019LVJA9","B0DT3NDDV9","FEEL LIFE 首掛け老眼鏡 高機能レンズ ブルーライトカット UVカット 鯖江メーカー企画 FLK-001-1+2.50","新品","5940.00","いいえ",,"はい","4","4","0","0","4","1101.54","0","0","0","0","0","0","0","4",
"FLK-001-2+10","X0019M14K3","B0DT3MNZDR","FEEL LIFE 首掛け老眼鏡 高機能レンズ ブルーライトカット UVカット 鯖江メーカー企画 FLK-001-2+1.00","新品","5940.00","いいえ",,"はい","7","7","0","0","7","1099.9","0","0","0","0","0","0","0","7",
"FLK-001-2+15","X0019LVJDL","B0DT3Y5WN1","FEEL LIFE 首掛け老眼鏡 高機能レンズ ブルーライトカット UVカット 鯖江メーカー企画 FLK-001-2+1.50","新品","5940.00","いいえ",,"はい","0","0","0","0","0","1113.34","0","0","0","0","0","0","0","0",
"FLK-001-2+20","X0019LVJEP","B0DT411Q7K","FEEL LIFE 首掛け老眼鏡 高機能レンズ ブルーライトカット UVカット 鯖江メーカー企画 FLK-001-2+2.00","新品","5940.00","いいえ",,"はい","0","0","0","0","0","1038.28","0","0","0","0","0","0","0","0",
"FLK-001-2+25","X0019LVJFT","B0DT3L8727","FEEL LIFE 首掛け老眼鏡 高機能レンズ ブルーライトカット UVカット 鯖江メーカー企画 FLK-001-2+2.50","新品","5940.00","いいえ",,"はい","6","6","0","0","6","1108.26","0","0","0","0","0","0","0","6",
"FLK-001-3+10","X0019LZ2LL","B0DT3GTRVQ","FEEL LIFE 首掛け老眼鏡 高機能レンズ ブルーライトカット UVカット 鯖江メーカー企画 FLK-001-3+1.00","新品","5940.00","いいえ",,"はい","13","13","0","0","13","1108.26","0","0","0","0","0","0","0","13",
"FLK-001-3+15","X0019M1WVJ","B0DT3CFR6C","FEEL LIFE 首掛け老眼鏡 高機能レンズ ブルーライトカット UVカット 鯖江メーカー企画 FLK-001-3+1.50","新品","5940.00","いいえ",,"はい","9","8","0","1","9","1113.34","0","0","0","0","0","0","0","8",
"FLK-001-3+20","X0019LVJLD","B0DT3N79W3","FEEL LIFE 首掛け老眼鏡 高機能レンズ ブルーライトカット UVカット 鯖江メーカー企画 FLK-001-3+2.00","新品","5940.00","いいえ",,"はい","10","10","0","0","10","1103.18","0","0","0","0","0","0","0","10",
"FLK-001-3+25","X0019M1O71","B0DT3PG7P3","FEEL LIFE 首掛け老眼鏡 高機能レンズ ブルーライトカット UVカット 鯖江メーカー企画 FLK-001-3+2.50","新品","5940.00","いいえ",,"はい","10","10","0","0","10","1144.14","0","0","0","0","0","0","0","10",
"FLL-006-1-10","X0016WQXED","B0CXCR9BFN","[FEELLIFE] 老眼鏡 リーディンググラス リムレス レディース 鯖江メーカー企画 FLL-006-1+1.00","新品","3630.00","いいえ",,"はい","9","9","0","0","10","609.43","0","0","1","0","0","0","0","9",
"FLL-006-1-15","X0016WNT31","B0CXCQ7555","[FEELLIFE] 老眼鏡 リーディンググラス リムレス レディース 鯖江メーカー企画 FLL-006-1+1.50","新品","3630.00","いいえ",,"はい","11","11","0","0","11","603.86","0","0","0","0","0","0","0","11",
"FLL-006-1-20","X0016WT7MN","B0CXCL7N2Q","[FEELLIFE] 老眼鏡 リーディンググラス リムレス レディース 鯖江メーカー企画 FLL-006-1+2.00","新品","3630.00","いいえ",,"はい","11","11","0","0","11","631.39","0","0","0","0","0","0","0","11",
"FLL-006-1-25","X0016WT7MD","B0CXCVQF83","[FEELLIFE] 老眼鏡 リーディンググラス リムレス レディース 鯖江メーカー企画 FLL-006-1+2.50","新品","3630.00","いいえ",,"はい","14","14","0","0","15","636.31","0","0","1","0","0","0","0","14",
"FLL-006-1-30","X0016WQXEN","B0CXD5F2F6","[FEELLIFE] 老眼鏡 リーディンググラス リムレス レディース 鯖江メーカー企画 FLL-006-1+3.00","新品","3630.00","いいえ",,"はい","13","13","0","0","13","639.75","0","0","0","0","0","0","0","13",
"FLL-006-2-10","X0016WW4WX","B0CXCNFWD1","[FEELLIFE] 老眼鏡 リーディンググラス リムレス レディース 鯖江メーカー企画 FLL-006-2+1.00","新品","3630.00","いいえ",,"はい","11","11","0","0","11","629.59","0","0","0","0","0","0","0","11",
"FLL-006-2-15","X0016WW4X7","B0CXCYP6FP","[FEELLIFE] 老眼鏡 リーディンググラス リムレス レディース 鯖江メーカー企画 FLL-006-2+1.50","新品","3630.00","いいえ",,"はい","10","10","0","0","10","592.56","0","0","0","0","0","0","0","10",
"FLL-006-2-20","X00177R7NN","B0CXCGW95N","[FEELLIFE] 老眼鏡 リーディンググラス リムレス レディース 鯖江メーカー企画 FLL-006-2+2.00","新品","3630.00","いいえ",,"はい","9","7","0","1","11","603.86","0","0","2","1","0","0","0","7",
"FLL-006-2-25","X0016WNT3B","B0CXCGQPYR","[FEELLIFE] 老眼鏡 リーディンググラス リムレス レディース 鯖江メーカー企画 FLL-006-2+2.50","新品","3630.00","いいえ",,"はい","15","15","0","0","15","648.11","0","0","0","0","0","0","0","15",
"FLL-006-2-30","X0017VOTJT","B0CXCQZFKT","[FEELLIFE] 老眼鏡 リーディンググラス リムレス レディース 鯖江メーカー企画 FLL-006-2+3.00","新品","3630.00","いいえ",,"はい","9","9","0","0","9","589.28","0","0","0","0","0","0","0","9",
"FLL-3000-1+05","X0019JPWD1","B0DM18GNMP","[FEELLIFE] 老眼鏡 リーディンググラス ウェリントン レディース ブラック 専用ケース付き FLL-3000-1+0.50","新品","3630.00","いいえ",,"はい","16","16","0","0","16","1012.39","0","0","0","0","0","0","0","16",
"FLL-3000-1+10","X0019JPWIB","B0DM1PD46T","[FEELLIFE] 老眼鏡 リーディンググラス ウェリントン レディース ブラック 専用ケース付き FLL-3000-1+1.00","新品","3630.00","いいえ",,"はい","15","15","0","0","15","1017.96","0","0","0","0","0","0","0","15",
"FLL-3000-1+15","X0019JRXCT","B0DM1LC66Q","[FEELLIFE] 老眼鏡 リーディンググラス ウェリントン レディース ブラック 専用ケース付き FLL-3000-1+1.50","新品","3630.00","いいえ",,"はい","18","18","0","0","18","962.25","0","0","0","0","0","0","0","18",
"FLL-3000-1+20","X0019JSS4L","B0DM1TKSDR","[FEELLIFE] 老眼鏡 リーディンググラス ウェリントン レディース ブラック 専用ケース付き FLL-3000-1+2.00","新品","3630.00","いいえ",,"はい","19","19","0","0","19","1237.55","0","0","0","0","0","0","0","19",
"FLL-3000-1+25","X0019JR91J","B0DM1JJXTF","[FEELLIFE] 老眼鏡 リーディンググラス ウェリントン レディース ブラック 専用ケース付き FLL-3000-1+2.50","新品","3630.00","いいえ",,"はい","16","16","0","0","16","1237.55","0","0","0","0","0","0","0","16",
"FLL-3000-2 +10","X001ALQ4KD","B0DM1PTZK7","[FEELLIFE] 老眼鏡 リーディンググラス ウェリントン レディース ブラウンデミ 専用ケース付き FLL-3000-2+1.00","新品","3630.00","いいえ",,"はい","15","15","0","0","15","1002.07","0","0","0","0","0","0","0","15",
"FLL-3000-2 +15","X001AG50YT","B0DM1GHL5N","[FEELLIFE] 老眼鏡 リーディンググラス ウェリントン レディース ブラウンデミ 専用ケース付き FLL-3000-2+1.50","新品","3630.00","いいえ",,"はい","18","18","0","0","18","942.58","0","0","0","0","0","0","0","18",
"FLL-3000-2+05","X0019JRENH","B0DM16PJ56","[FEELLIFE] 老眼鏡 リーディンググラス ウェリントン レディース ブラウンデミ 専用ケース付き FLL-3000-2+0.50","新品","3630.00","いいえ",,"はい","15","15","0","0","15","1037.47","0","0","0","0","0","0","0","15",
"FLL-3000-2+20","X0019JU80D","B0DM23JZGV","[FEELLIFE] 老眼鏡 リーディンググラス ウェリントン レディース ブラウンデミ 専用ケース付き FLL-3000-2+2.00","新品","3630.00","いいえ",,"はい","17","17","0","0","17","904.4","0","0","0","0","0","0","0","17",
"FLL-3000-2+25","X0019JU82B","B0DM1SBG3K","[FEELLIFE] 老眼鏡 リーディンググラス ウェリントン レディース ブラウンデミ 専用ケース付き FLL-3000-2+2.50","新品","3630.00","いいえ",,"はい","14","14","0","0","14","1237.55","0","0","0","0","0","0","0","14",
"FLL-3004-1-05","X001942EQ9","B0D457M4PW","[FEELLIFE] 老眼鏡 低度数 リーディンググラス ボストン レディース おしゃれ FLL-3004-1+0.50","新品","3300.00","いいえ",,"はい","13","13","0","0","16","1006.66","0","0","3","0","0","0","0","13",
"FLL-3004-1-10","X00193ZUTD","B0D44QHQ7C","[FEELLIFE] 老眼鏡 低度数 リーディンググラス ボストン レディース おしゃれ FLL-3004-1+1.00","新品","3300.00","いいえ",,"はい","15","15","0","0","15","985.68","0","0","0","0","0","0","0","15",
"FLL-3004-1-15","X00193XIVF","B0D459M2N3","[FEELLIFE] 老眼鏡 低度数 リーディンググラス ボストン レディース おしゃれ FLL-3004-1+1.50","新品","3300.00","いいえ",,"はい","15","15","0","0","15","935.54","0","0","0","0","0","0","0","15",
"FLL-3004-1-20","X00193XIKV","B0D4572XQF","[FEELLIFE] 老眼鏡 低度数 リーディンググラス ボストン レディース おしゃれ FLL-3004-1+2.00","新品","3300.00","いいえ",,"はい","10","10","0","0","15","972.41","0","0","5","0","0","0","0","10",
"FLL-3004-1-25","X00194A9TN","B0D455PKW7","[FEELLIFE] 老眼鏡 低度数 リーディンググラス ボストン レディース おしゃれ FLL-3004-1+2.50","新品","3300.00","いいえ",,"はい","18","18","0","0","18","935.21","0","0","0","0","0","0","0","18",
"FLL-3004-2-05","X00194A18R","B0D45CWP3M","[FEELLIFE] 老眼鏡 低度数 リーディンググラス ボストン レディース おしゃれ FLL-3004-2+0.50","新品","3300.00","いいえ",,"はい","7","7","0","0","10","1023.54","0","0","3","0","0","0","0","7",
"FLL-3004-2-10","X001948GB1","B0D45J3MXB","[FEELLIFE] 老眼鏡 低度数 リーディンググラス ボストン レディース おしゃれ FLL-3004-2+1.00","新品","3300.00","いいえ",,"はい","20","20","0","0","25","1029.93","0","0","5","0","0","0","0","20",
"FLL-3004-2-15","X001948GRF","B0D454GYX7","[FEELLIFE] 老眼鏡 低度数 リーディンググラス ボストン レディース おしゃれ FLL-3004-2+1.50","新品","3300.00","いいえ",,"はい","14","14","0","0","14","953.24","0","0","0","0","0","0","0","14",
"FLL-3004-2-20","X001948GMP","B0D459P1HP","[FEELLIFE] 老眼鏡 低度数 リーディンググラス ボストン レディース おしゃれ FLL-3004-2+2.00","新品","3300.00","いいえ",,"はい","15","15","0","0","15","897.36","0","0","0","0","0","0","0","15",
"FLL-3004-2-25","X00194A1F5","B0D459P1HR","[FEELLIFE] 老眼鏡 低度数 リーディンググラス ボストン レディース おしゃれ FLL-3004-2+2.50","新品","3300.00","いいえ",,"はい","15","15","0","0","15","920.13","0","0","0","0","0","0","0","15",
"FLL-3004-3-05","X001948G39","B0D4547N7B","[FEELLIFE] 老眼鏡 低度数 リーディンググラス ボストン レディース おしゃれ FLL-3004-3+0.50","新品","3300.00","いいえ",,"はい","14","14","0","0","16","892.28","0","0","2","0","0","0","0","14",
"FLL-3004-3-10","X00193ZUWZ","B0D459DNWB","[FEELLIFE] 老眼鏡 低度数 リーディンググラス ボストン レディース おしゃれ FLL-3004-3+1.00","新品","3300.00","いいえ",,"はい","13","13","0","0","15","1069.09","0","0","2","0","0","0","0","13",
"FLL-3004-3-15","X00193XG03","B0D45899J3","[FEELLIFE] 老眼鏡 低度数 リーディンググラス ボストン レディース おしゃれ FLL-3004-3+1.50","新品","3300.00","いいえ",,"はい","14","14","0","0","14","982.4","0","0","0","0","0","0","0","14",
"FLL-3004-3-20","X00194A1CD","B0D459K1R1","[FEELLIFE] 老眼鏡 低度数 リーディンググラス ボストン レディース おしゃれ FLL-3004-3+2.00","新品","3300.00","いいえ",,"はい","14","14","0","0","14","969.13","0","0","0","0","0","0","0","14",
"FLL-3004-3-25","X00194A9YN","B0D457YKJS","[FEELLIFE] 老眼鏡 低度数 リーディンググラス ボストン レディース おしゃれ FLL-3004-3+2.50","新品","3300.00","いいえ",,"はい","15","15","0","0","15","941.6","0","0","0","0","0","0","0","15",
"FLM-004-1-25","X000Y0L5MN","B095WT4FMX","FEEL LIFE 老眼鏡 メンズ おしゃれ リーディンググラス スタイリッシュ ケース付き リムレス シルバー FLM-004-1 +2.50","新品","3960.00","いいえ",,"はい","12","12","0","0","12","661.71","0","0","0","0","0","0","0","12",
"FLM-004-1-30","X000Y0LHZN","B095WR332M","FEEL LIFE 老眼鏡 メンズ おしゃれ リーディンググラス スタイリッシュ ケース付き リムレス シルバー FLM-004-1 +3.00","新品","3960.00","いいえ",,"はい","16","16","0","0","16","661.71","0","0","0","0","0","0","0","16",
"FLM-004-2-25","X000Y0KQZ5","B095WTZ2XN","FEEL LIFE 老眼鏡 メンズ おしゃれ リーディンググラス スタイリッシュ ケース付き リムレス ガンメタル FLM-004-2 +2.50","新品","3960.00","いいえ",,"はい","10","10","0","0","10","661.71","0","0","0","0","0","0","0","10",
"FLM-004-2-30","X000Y0L57D","B095WR9D1H","FEEL LIFE 老眼鏡 メンズ おしゃれ リーディンググラス スタイリッシュ ケース付き リムレス ガンメタル FLM-004-2 +3.00","新品","3960.00","いいえ",,"はい","15","15","0","0","15","661.71","0","0","0","0","0","0","0","15",
"FLM-005-2+30","X0011B8UEF","B0B1CWS3MY","FEEL LIFE 老眼鏡 メンズ おしゃれ リーディンググラス ナイロール フチなし ケース付き ガンメタル FLM-005-2 +3.00","新品","4180.00","いいえ",,"はい","3","3","0","0","3","662.86","0","0","0","0","0","0","0","3",
"FLM-006-1+10","X0015S4MSH","B0B631W5ZX","FEEL LIFE 老眼鏡 メンズ おしゃれ リーディンググラス ナイロール シルバー 鯖江企画 ケース付き FLM-006-1 +1.00","新品","4180.00","いいえ",,"はい","20","20","0","0","20","615.33","0","0","0","0","0","0","0","20",
"FLM-006-1+15","X0015S4MS7","B0B62Z12BT","FEEL LIFE 老眼鏡 メンズ おしゃれ リーディンググラス ナイロール シルバー 鯖江企画 ケース付き FLM-006-1 +1.50","新品","4180.00","いいえ",,"はい","13","12","0","1","13","612.71","0","0","0","0","0","0","0","12",
"FLM-006-1+20","X0015S4LAV","B0B62YVV1C","FEEL LIFE 老眼鏡 メンズ おしゃれ リーディンググラス ナイロール シルバー 鯖江企画 ケース付き FLM-006-1 +2.00","新品","4180.00","いいえ",,"はい","15","15","0","0","15","595.83","0","0","0","0","0","0","0","15",
"FLM-006-1+25","X0015S8IPP","B0B62YKT95","FEEL LIFE 老眼鏡 メンズ おしゃれ リーディンググラス ナイロール シルバー 鯖江企画 ケース付き FLM-006-1 +2.50","新品","4180.00","いいえ",,"はい","18","18","0","0","18","611.89","0","0","0","0","0","0","0","18",
"FLM-006-1+30","X0015S7QXP","B0B62YHKK3","FEEL LIFE 老眼鏡 メンズ おしゃれ リーディンググラス ナイロール ガンメタル 鯖江企画 ケース付き FLM-006-1 +3.00","新品","4180.00","いいえ",,"はい","9","9","0","0","9","622.87","0","0","0","0","0","0","0","9",
"FLM-006-2+10","X0015S7QXZ","B0B62XV2PN","FEEL LIFE 老眼鏡 メンズ おしゃれ リーディンググラス ナイロール ガンメタル 鯖江企画 ケース付き FLM-006-2 +1.00","新品","4180.00","いいえ",,"はい","21","21","0","0","21","595.83","0","0","0","0","0","0","0","21",
"FLM-006-2+15","X0015UJYD3","B0B62Z9PVR","FEEL LIFE 老眼鏡 メンズ おしゃれ リーディンググラス ナイロール ガンメタル 鯖江企画 ケース付き FLM-006-2 +1.50","新品","4180.00","いいえ",,"はい","13","13","0","0","13","607.14","0","0","0","0","0","0","0","13",
"FLM-006-2+20","X0015S4LAL","B0B62ZTC2M","FEEL LIFE 老眼鏡 メンズ おしゃれ リーディンググラス ナイロール ガンメタル 鯖江企画 ケース付き FLM-006-2 +2.00","新品","4180.00","いいえ",,"はい","14","13","0","1","14","599.11","0","0","0","0","0","0","0","13",
"FLM-006-2+25","X0015S4MSR","B0B62XYLLC","FEEL LIFE 老眼鏡 メンズ おしゃれ リーディンググラス ナイロール ガンメタル 鯖江企画 ケース付き FLM-006-2 +2.50","新品","4180.00","いいえ",,"はい","21","21","0","0","21","650.07","0","0","0","0","0","0","0","21",
"FLM-006-2+30","X0015S8IPF","B0B62XXKBG","FEEL LIFE 老眼鏡 メンズ おしゃれ リーディンググラス ナイロール ガンメタル 鯖江企画 ケース付き FLM-006-2 +3.00","新品","4180.00","いいえ",,"はい","11","11","0","0","11","607.14","0","0","0","0","0","0","0","11",
"FLOW-B-BEG","X0016YBZ1R","B0CPXQDTT5","[フロー] メガネスタンド メガネハンガー ベージュ B-BEG","新品","3850.00","いいえ",,"はい","3","3","0","0","3","1481.23","0","0","0","0","0","0","0","3",
"FLOW-B-BLK","X0016YC0VL","B07RJVJ9PQ","[フロー] メガネハンガー サークル ブラック","新品","3850.00","いいえ",,"はい","6","6","0","0","6","1455.66","0","0","0","0","0","0","0","6",
"FLOW-B-BLU","X001798BVD","B0CPXQMK1Q","メガネスタンド メガネハンガー ブルー FLOW-B-BLU","新品","3850.00","いいえ",,"はい","4","4","0","0","4","1455.66","0","0","0","0","0","0","0","4",
"FLOW-B-BRN","X0016YI1UP","B0CPXR6SR5","メガネスタンド メガネハンガー ブラウン FLOW-B-BRN","新品","3850.00","いいえ",,"はい","5","5","0","0","5","1481.23","0","0","0","0","0","0","0","5",
"FLOW-B-RED","X001798BWR","B07RHR7WXZ","[フロー] メガネハンガー サークル レッド","新品","3850.00","いいえ",,"はい","6","6","0","0","6","1464.18","0","0","0","0","0","0","0","6",
"FLOW-B-WHT","X0016Y7T5N","B0CPXQ4RXT","[フロー] メガネスタンド メガネハンガー ホワイト B-WHT","新品","3850.00","いいえ",,"はい","0","0","0","0","0","1455.66","0","0","0","0","0","0","0","0",
"FLOW-B-YEL","X001798BWH","B0CPX3GKL3","メガネスタンド メガネハンガー イエロー FLOW-B-YEL","新品","3850.00","いいえ",,"はい","9","9","0","0","9","1455.66","0","0","0","0","0","0","0","9",
"FLP-008-3","X000X6QCZN","B08Y8LGVM1","[FEELLIFE] ブルーライトカットメガネ 弾性樹脂 軽量 FLP-008 クリアダークブラウン 鯖江メーカー企画 ケース付き","新品","990.00","いいえ",,"はい","2","2","0","0","2","588.62","0","0","0","0","0","0","0","2",
"FLW-001-1","X00184RMFN","B0D95QX3TP","[FEELLIFE] 偏光機能付きサングラス 薄色レンズ 軽量 UVカット 鯖江メーカー企画 FLW-001-1","新品","4400.00","いいえ",,"はい","17","17","0","0","17","1106.62","0","0","0","0","0","0","0","17",
"FLW-001-2","X00181FF1J","B0D95TTR3T","[FEELLIFE] 偏光機能付きサングラス 薄色レンズ 軽量 UVカット 鯖江メーカー企画 FLW-001-2","新品","4400.00","いいえ",,"はい","14","14","0","0","14","1106.62","0","0","0","0","0","0","0","14",
"FLW-001-3","X00181FF0Z","B0D95SSC8P","[FEELLIFE] 偏光機能付きサングラス 薄色レンズ 軽量 UVカット 鯖江メーカー企画 FLW-001-3","新品","4400.00","いいえ",,"はい","18","18","0","0","18","1106.62","0","0","0","0","0","0","0","18",
"FLW-001-4","X00181FF19","B0D95SCRVQ","[FEELLIFE] 偏光機能付きサングラス 薄色レンズ 軽量 UVカット 鯖江メーカー企画 FLW-001-4","新品","4400.00","いいえ",,"はい","16","16","0","0","16","1106.62","0","0","0","0","0","0","0","16",
"PH5011-2","X001432FN7","B0C4SVYQTS","[FEELLIFE] 調光レンズサングラス ウェリントン ブラウン調光 UVカット ブルーライトカット 鯖江メーカー企画 PH5011-2","新品","3300.00","いいえ",,"はい","2","2","0","0","2","1070.89","0","0","0","0","0","0","0","2",
"PH5012-1","X001BHWJW3","B0FQJCTBXP","[FEELLIFE] 調光レンズサングラス クラウンパント UVカット ブルーライトカット 鯖江メーカー企画 PH5012 (ブラック, グレー調光)","新品","3300.00","いいえ",,"はい","18","18","0","0","18","644.01","0","0","0","0","0","0","0","18",
"PH5012-2","X001BHWK7R","B0FQJDH8S7","[FEELLIFE] 調光レンズサングラス クラウンパント UVカット ブルーライトカット 鯖江メーカー企画 PH5012 (ブラウンデミ, ブラウン調光)","新品","3300.00","いいえ",,"はい","18","18","0","0","18","644.01","0","0","0","0","0","0","0","18",
"PH5099-1","X00143KJ7L","B0C4SW1G8N","[FEELLIFE] 調光レンズサングラス ボストン UVカット ブルーライトカット 鯖江メーカー企画 PH5099-1","新品","3300.00","いいえ",,"はい","16","16","0","0","16","1072.53","0","0","0","0","0","0","0","16",
"PH5099-12","X001AO7EYP","B0FBRCX8VQ","[FEELLIFE] 調光レンズサングラス ボストン UVカット ブルーライトカット 鯖江メーカー企画 PH5099-12","新品","3300.00","いいえ",,"はい","16","16","0","0","16","1179.87","0","0","0","0","0","0","0","16",
"PH5099-2","X001432FMX","B0C4SWWJBB","[FEELLIFE] 調光レンズサングラス ボストン UVカット ブルーライトカット 鯖江メーカー企画 PH5099-2","新品","3300.00","いいえ",,"はい","19","19","0","0","19","1179.87","0","0","0","0","0","0","0","19",
"PH5606-1","X001433YOL","B0C4SV3TFF","[FEELLIFE] 調光レンズサングラス ウェリントン スモーク UVカット ブルーライトカット 鯖江メーカー企画 PH5606-1","新品","3300.00","いいえ",,"はい","13","13","0","0","13","1179.87","0","0","0","0","0","0","0","13",
"PH5606-11","X001AZ5ORN","B0FH4745K5","[FEELLIFE] 調光レンズサングラス ウェリントン グレー調光 UVカット ブルーライトカット 鯖江メーカー企画 PH5606-11","新品","3300.00","いいえ",,"はい","31","31","0","0","31","1170.86","0","0","0","0","0","0","0","31",
"PH5606-12","X001AYZRVR","B0FH3Y3DNJ","[FEELLIFE] 調光レンズサングラス ウェリントン ブラウン調光 UVカット ブルーライトカット 鯖江メーカー企画 PH5606-12","新品","3300.00","いいえ",,"はい","27","27","0","0","27","1179.87","0","0","0","0","0","0","0","27",
"PH5606-2","X00143KJ7V","B0C4SWH177","[FEELLIFE] 調光レンズサングラス ウェリントン ブラウン調光 UVカット ブルーライトカット 鯖江メーカー企画 PH5606-2","新品","3300.00","いいえ",,"はい","3","3","0","0","3","1179.87","0","0","0","0","0","0","0","3",
"RF-003-1","X0014OBI1L","B0CBM5KM2S","[REFLET] サングラス 高機能レンズモデル シルバー 鯖江メーカー企画 UVカット ブルーライトカット RF-003-1","新品","14300.00","いいえ",,"はい","40","40","0","0","40","697.76","0","0","0","0","0","0","0","40",
"RF-003-2","X0014OFX5D","B0CBM7T5S5","[REFLET] サングラス 高機能レンズモデル ゴールド 鯖江メーカー企画 UVカット ブルーライトカット RF-003-2","新品","14300.00","いいえ",,"はい","5","5","0","0","5","697.76","0","0","0","0","0","0","0","5",
"SI-08R-1+15","X00143PQXN","B0C4SG3HM9","[SHIORI] 栞 老眼鏡 リーディンググラス SI-08R-1+1.50 オクタゴン 遠近両用 調光レンズ 累進レンズ ブルーライトカット 鯖江メーカー企画","新品","7150.00","いいえ",,"はい","16","6","0","0","16","191.24","0","0","0","0","0","0","10","16",
"SI-08R-1+20","X00143TOVD","B0C4S8LBMJ","[SHIORI] 栞 老眼鏡 リーディンググラス オクタゴン 遠近両用 累進レンズ ブルーライトカット 鯖江企画 SI-08R-1 +2.00","新品","7150.00","いいえ",,"はい","10","10","0","0","10","190.25","0","0","0","0","0","0","0","10",
"SI-08R-1+25","X00143H0RD","B0C4SGVP8S","[SHIORI] 栞 老眼鏡 リーディンググラス オクタゴン 遠近両用 累進レンズ ブルーライトカット 鯖江企画 SI-08R-1 +2.50","新品","7150.00","いいえ",,"はい","7","7","0","0","10","188.45","0","0","3","0","0","0","0","7",
"SI-08R-2+15","X0016KHQWD","B0C4SFYS6P","[SHIORI] 栞 老眼鏡 リーディンググラス オクタゴン 遠近両用 累進レンズ ブルーライトカット 鯖江企画 SI-08R-2+1.50","新品","7150.00","いいえ",,"はい","8","8","0","0","10","214.34","0","0","2","0","0","0","0","8",
"SI-08R-2+20","X00143IMEX","B0C4SB92VH","[SHIORI] 栞 老眼鏡 リーディンググラス オクタゴン 遠近両用 累進レンズ ブルーライトカット 鯖江企画 SI-08R-2 +2.00","新品","7150.00","いいえ",,"はい","10","10","0","0","10","186.65","0","0","0","0","0","0","0","10",
"SI-08R-2+25","X00143PQXD","B0C4SG8SHB","[SHIORI] 栞 老眼鏡 リーディンググラス オクタゴン 遠近両用 累進レンズ ブルーライトカット 鯖江企画 SI-08R-2 +2.50","新品","7150.00","いいえ",,"はい","9","9","0","0","11","190.25","0","0","2","0","0","0","0","9",
"SI-08R-3+15","X00143TOVN","B0C4SG94XZ","[SHIORI] 栞 老眼鏡 リーディンググラス オクタゴン 遠近両用 累進レンズ ブルーライトカット 鯖江企画 SI-08R-3 +1.50","新品","7150.00","いいえ",,"はい","30","30","0","0","30","216.31","0","0","0","0","0","0","0","30",
"SI-08R-3+20","X00143H0R3","B0C4SF8CFG","[SHIORI] 栞 老眼鏡 リーディンググラス オクタゴン 遠近両用 累進レンズ ブルーライトカット 鯖江企画 SI-08R-3 +2.00","新品","7150.00","いいえ",,"はい","18","18","0","0","18","190.25","0","0","0","0","0","0","0","18",
"SI-08R-3+25","X00143IMF7","B0C4SH1WBR","[SHIORI] 栞 老眼鏡 リーディンググラス オクタゴン 遠近両用 累進レンズ ブルーライトカット 鯖江企画 SI-08R-3 +2.50","新品","7150.00","いいえ",,"はい","10","8","0","0","12","216.31","0","0","2","0","0","0","2","10",
"SI-09-1 +1.50","X00119PKT5","B0B1HLPZX1","[SHIORI] 栞 老眼鏡 薄型リーディンググラス オーバル ブルーライトカット UVカット レディース メンズ おしゃれ SI-09-1 +1.50","新品","5280.00","いいえ",,"はい","1","1","0","0","8","188.45","0","0","7","0","0","0","0","1",
"SI-09-1 +2.00","X00119PY87","B0B1HFR997","[SHIORI] 栞 老眼鏡 薄型リーディンググラス オーバル ブルーライトカット UVカット レディース メンズ おしゃれ SI-09-1 +2.00","新品","5280.00","いいえ",,"はい","0","0","0","0","0","188.45","0","0","0","0","0","0","0","0",
"SI-09-1 +2.50","X00119PW3T","B0B1HC9RHM","[SHIORI] 栞 老眼鏡 薄型リーディンググラス オーバル ブルーライトカット UVカット レディース メンズ おしゃれ SI-09-1 +2.50","新品","5280.00","いいえ",,"はい","20","20","0","0","20","188.45","0","0","0","0","0","0","0","20",
"SI-09-1 +3.00","X00119Q85Z","B0B1HDR8KH","[SHIORI] 栞 老眼鏡 薄型リーディンググラス オーバル ブルーライトカット UVカット レディース メンズ おしゃれ SI-09-1 +3.00","新品","5280.00","いいえ",,"はい","19","19","0","0","19","188.45","0","0","0","0","0","0","0","19",
"SI-09-2 +1.50","X00119PKTF","B0B1HFKWY6","[SHIORI] 栞 老眼鏡 薄型リーディンググラス オーバル ブルーライトカット UVカット レディース メンズ おしゃれ SI-09-2 +1.50","新品","5280.00","いいえ",,"はい","6","6","0","0","9","188.45","0","0","3","0","0","0","0","6",
"SI-09-2 +2.50","X00119PW43","B0B1HFRBL6","[SHIORI] 栞 老眼鏡 薄型リーディンググラス オーバル ブルーライトカット UVカット レディース メンズ おしゃれ SI-09-2 +2.50","新品","5280.00","いいえ",,"はい","18","18","0","0","18","188.45","0","0","0","0","0","0","0","18",
"SI-09-2 +3.00","X00119Q869","B0B1HG3RWR","[SHIORI] 栞 老眼鏡 薄型リーディンググラス オーバル ブルーライトカット UVカット レディース メンズ おしゃれ SI-09-2 +3.00","新品","5280.00","いいえ",,"はい","11","11","0","0","11","188.45","0","0","0","0","0","0","0","11",
"SI-09-3 +1.50","X00119Q86J","B0B1HFM3N9","[SHIORI] 栞 老眼鏡 薄型リーディンググラス オーバル ブルーライトカット UVカット レディース メンズ おしゃれ SI-09-3 +1.50","新品","5280.00","いいえ",,"はい","6","6","0","0","10","188.45","0","0","4","0","0","0","0","6",
"SI-09-3 +2.00","X00119PY8H","B0B1HJ17Q7","[SHIORI] 栞 老眼鏡 薄型リーディンググラス オーバル ブルーライトカット UVカット レディース メンズ おしゃれ SI-09-3 +2.00","新品","5280.00","いいえ",,"はい","0","0","0","0","10","188.45","0","0","10","0","0","0","0","0",
"SI-09-3 +2.50","X00119PKTP","B0B1H4DGSM","[SHIORI] 栞 老眼鏡 薄型リーディンググラス オーバル ブルーライトカット UVカット レディース メンズ おしゃれ SI-09-3 +2.50","新品","5280.00","いいえ",,"はい","5","4","0","0","6","188.45","0","0","1","0","0","0","1","5",
"SI-09-3 +3.00","X00119PW4D","B0B1HGNB9P","[SHIORI] 栞 老眼鏡 薄型リーディンググラス オーバル ブルーライトカット UVカット レディース メンズ おしゃれ SI-09-3 +3.00","新品","5280.00","いいえ",,"はい","3","3","0","0","3","188.45","0","0","0","0","0","0","0","3",
"SI-10-1 +1.50","X0013CUB2L","B0BQ1JD663","[SHIORI] 栞 老眼鏡 薄型リーディンググラス レディース オーバル ブルーライトカット UVカット おしゃれ SI-10-1 +1.50","新品","5280.00","いいえ",,"はい","8","2","0","0","8","201.89","0","0","0","0","0","0","6","8",
"SI-10-1 +2.00","X0013CUB2V","B0BQ1W6L7W","[SHIORI] 栞 老眼鏡 薄型リーディンググラス レディース オーバル ブルーライトカット UVカット おしゃれ SI-10-1 +2.00","新品","5280.00","いいえ",,"はい","8","8","0","0","11","214.18","0","0","3","0","0","0","0","8",
"SI-10-1 +2.50","X0013CVS0F","B0BQ26BNMD","[SHIORI] 栞 老眼鏡 薄型リーディンググラス レディース オーバル ブルーライトカット UVカット おしゃれ SI-10-1 +2.50","新品","5280.00","いいえ",,"はい","2","1","0","1","7","201.89","0","0","5","0","0","0","0","1",
"SI-10-1 +3.00","X0013CUMKH","B0BQ1LBT3Q","[SHIORI] 栞 老眼鏡 薄型リーディンググラス レディース オーバル ブルーライトカット UVカット おしゃれ SI-10-1 +3.00","新品","5280.00","いいえ",,"はい","8","8","0","0","10","211.07","0","0","2","0","0","0","0","8",
"SI-10-2 +1.50","X0015UKCH5","B0BQ1Q481M","[SHIORI] 栞 老眼鏡 薄型リーディンググラス レディース オーバル ブルーライトカット UVカット おしゃれ SI-10-2 +1.50","新品","5280.00","いいえ",,"はい","8","8","0","0","10","183.86","0","0","2","0","0","0","0","8",
"SI-10-2 +2.00","X0015UK6D5","B0BQ19SBZ6","[SHIORI] 栞 老眼鏡 薄型リーディンググラス レディース オーバル ブルーライトカット UVカット おしゃれ SI-10-2 +2.00","新品","5280.00","いいえ",,"はい","5","5","0","0","6","187.47","0","0","1","0","0","0","0","5",
"SI-10-2 +2.50","X0013CVS0P","B0BQ1Y6DVQ","[SHIORI] 栞 老眼鏡 薄型リーディンググラス レディース オーバル ブルーライトカット UVカット おしゃれ SI-10-2 +2.50","新品","5280.00","いいえ",,"はい","12","12","0","0","12","228.76","0","0","0","0","0","0","0","12",
"SI-10-2 +3.00","X0013CUOM3","B0BQ1G12PQ","[SHIORI] 栞 老眼鏡 薄型リーディンググラス レディース オーバル ブルーライトカット UVカット おしゃれ SI-10-2 +3.00","新品","5280.00","いいえ",,"はい","11","11","0","0","11","211.07","0","0","0","0","0","0","0","11",
"SI-10-3 +1.50","X0015U9VDV","B0BQ25VT87","[SHIORI] 栞 老眼鏡 薄型リーディンググラス レディース オーバル ブルーライトカット UVカット おしゃれ SI-10-3 +1.50","新品","5280.00","いいえ",,"はい","6","3","0","0","13","245.97","0","0","7","0","0","0","3","6",
"SI-10-3 +2.00","X0013CUMKR","B0BQ26BCWL","[SHIORI] 栞 老眼鏡 薄型リーディンググラス レディース オーバル ブルーライトカット UVカット おしゃれ SI-10-3 +2.00","新品","5280.00","いいえ",,"はい","12","12","0","0","12","250.72","0","0","0","0","0","0","0","12",
"SI-10-3 +2.50","X0013CUB35","B0BQ1VJMKP","[SHIORI] 栞 老眼鏡 薄型リーディンググラス レディース オーバル ブルーライトカット UVカット おしゃれ SI-10-3 +2.50","新品","5280.00","いいえ",,"はい","11","10","0","0","11","186.65","0","0","0","1","0","0","0","10",
"SI-10-3 +3.00","X0013CUOMN","B0BQ1CLBJ7","[SHIORI] 栞 老眼鏡 薄型リーディンググラス レディース オーバル ブルーライトカット UVカット おしゃれ SI-10-3 +3.00","新品","5280.00","いいえ",,"はい","15","15","0","0","15","231.06","0","0","0","0","0","0","0","15",
"SI-10-4 +1.50","X0013CUOMD","B0BQ1T35LM","[SHIORI] 栞 老眼鏡 薄型リーディンググラス レディース オーバル ゴールド ワイン ブルーライトカット おしゃれ SI-10-4 +1.50","新品","5280.00","いいえ",,"はい","8","4","0","0","14","199.76","0","0","6","0","0","0","4","8",
"SI-10-4 +2.00","X0013CVS0Z","B0BQ23L83K","[SHIORI] 栞 老眼鏡 薄型リーディンググラス レディース オーバル ゴールド ワイン ブルーライトカット おしゃれ SI-10-4 +2.00","新品","5280.00","いいえ",,"はい","7","5","0","0","9","211.07","0","0","2","0","0","0","2","7",
"SI-10-4 +2.50","X0013CUML1","B0BQ21SP7V","[SHIORI] 栞 老眼鏡 薄型リーディンググラス レディース オーバル ゴールド ワイン ブルーライトカット おしゃれ SI-10-4 +2.50","新品","5280.00","いいえ",,"はい","17","17","0","0","17","214.18","0","0","0","0","0","0","0","17",
"SI-10-4 +3.00","X0013CUMLB","B0BQ1PJTNQ","[SHIORI] 栞 老眼鏡 薄型リーディンググラス レディース オーバル ゴールド ワイン ブルーライトカット おしゃれ SI-10-4 +3.00","新品","5280.00","いいえ",,"はい","8","8","0","0","8","215.33","0","0","0","0","0","0","0","8",
"SI-11R-1-10","X001DCD0O7","B0GX9VL2BP","[SHIORI] 栞 累進老眼鏡 レディース おしゃれ 累進レンズ 薄型リーディンググラス ラウンド ケース付き SI-11R-1 +1.00","新品","7150.00","いいえ",,"はい","15","15","0","0","15","336.59","0","0","0","0","0","0","0","15",
"SI-11R-1-15","X001DCD0PB","B0GX9VG2J9","[SHIORI] 栞 累進老眼鏡 レディース おしゃれ 累進レンズ 薄型リーディンググラス ラウンド ケース付き SI-11R-1 +1.50","新品","7150.00","いいえ",,"はい","15","15","0","0","15","365.27","0","0","0","0","0","0","0","15",
"SI-11R-1-20","X001DCD0OR","B0GX9ZV28Z","[SHIORI] 栞 累進老眼鏡 レディース おしゃれ 累進レンズ 薄型リーディンググラス ラウンド ケース付き SI-11R-1 +2.00","新品","7150.00","いいえ",,"はい","8","8","0","0","8","380.84","0","0","0","0","0","0","0","8",
"SI-11R-2-10","X001DC8HJ5","B0GX9R8KF1","[SHIORI] 栞 累進老眼鏡 レディース おしゃれ 累進レンズ 薄型リーディンググラス ラウンド ケース付き SI-11R-2 +1.00","新品","7150.00","いいえ",,"はい","15","15","0","0","15","320.04","0","0","0","0","0","0","0","15",
"SI-11R-2-15","X001DC8HIV","B0GX9N7PR9","[SHIORI] 栞 累進老眼鏡 レディース おしゃれ 累進レンズ 薄型リーディンググラス ラウンド ケース付き SI-11R-2 +1.50","新品","7150.00","いいえ",,"はい","4","4","0","0","4","352.98","0","0","0","0","0","0","0","4",
"SI-11R-3-15","X001DCD0NX","B0GX9N8J92","[SHIORI] 栞 累進老眼鏡 レディース おしゃれ 累進レンズ 薄型リーディンググラス ラウンド ケース付き SI-11R-3 +1.50","新品","7150.00","いいえ",,"はい","1","1","0","0","1","363.14","0","0","0","0","0","0","0","1",
"SI-11R-3-20","X001DCD0OH","B0GX9RS9M8","[SHIORI] 栞 累進老眼鏡 レディース おしゃれ 累進レンズ 薄型リーディンググラス ラウンド ケース付き SI-11R-3+2.00","新品","7150.00","いいえ",,"はい","1","1","0","0","1","320.2","0","0","0","0","0","0","0","1",
"SI-12-1-15","X00181FF2X","B0CY28GSHB","[SHIORI] 栞 老眼鏡 レディース おしゃれ 薄型リーディンググラス ラウンド ブルーライトカット ケース付き SI-12-1 +1.50","新品","5830.00","いいえ",,"はい","13","13","0","0","13","376.25","0","0","0","0","0","0","0","13",
"SI-12-1-20","X001798BW7","B0CY2CYFCZ","[SHIORI] 栞 老眼鏡 レディース おしゃれ 薄型リーディンググラス ラウンド ブルーライトカット ケース付き SI-12-1 +2.00","新品","5830.00","いいえ",,"はい","13","13","0","0","13","367.23","0","0","0","0","0","0","0","13",
"SI-12-1-25","X001798BVN","B0CY2DR6G6","[SHIORI] 栞 老眼鏡 レディース おしゃれ 薄型リーディンググラス ラウンド ブルーライトカット ケース付き SI-12-1 +2.50","新品","5830.00","いいえ",,"はい","16","16","0","0","16","367.23","0","0","0","0","0","0","0","16",
"SI-12-1-30","X0016YBZ21","B0CY2B5JQJ","[SHIORI] 栞 老眼鏡 レディース おしゃれ 薄型リーディンググラス ラウンド ブルーライトカット ケース付き SI-12-1 +3.00","新品","5830.00","いいえ",,"はい","19","19","0","0","19","397.55","0","0","0","0","0","0","0","19",
"SI-12-2-15","X0016YBZ1H","B0CY2FD8V2","[SHIORI] 栞 老眼鏡 レディース おしゃれ 薄型リーディンググラス ラウンド ブルーライトカット ケース付き SI-12-2 +1.50","新品","5830.00","いいえ",,"はい","0","0","0","0","0","371.33","0","0","0","0","0","0","0","0",
"SI-12-2-20","X001798BX1","B0CY2G49PG","[SHIORI] 栞 老眼鏡 レディース おしゃれ 薄型リーディンググラス ラウンド ブルーライトカット ケース付き SI-12-2 +2.00","新品","5830.00","いいえ",,"はい","14","14","0","0","14","369.36","0","0","0","0","0","0","0","14",
"SI-12-2-25","X001798BVX","B0CY29XNFD","[SHIORI] 栞 老眼鏡 レディース おしゃれ 薄型リーディンググラス ラウンド ブルーライトカット ケース付き SI-12-2 +2.50","新品","5830.00","いいえ",,"はい","16","16","0","0","16","366.58","0","0","0","0","0","0","0","16",
"SI-12-2-30","X0016YI1UZ","B0CY2B3XL6","[SHIORI] 栞 老眼鏡 レディース おしゃれ 薄型リーディンググラス ラウンド ブルーライトカット ケース付き SI-12-2 +3.00","新品","5830.00","いいえ",,"はい","15","15","0","0","15","364.45","0","0","0","0","0","0","0","15",
"SI-12-3-15","X001798BXB","B0CY2B86Q7","[SHIORI] 栞 老眼鏡 レディース おしゃれ 薄型リーディンググラス ラウンド ブルーライトカット ケース付き SI-12-3 +1.50","新品","5830.00","いいえ",,"はい","29","29","0","0","29","369.36","0","0","0","0","0","0","0","29",
"SI-12-3-20","X0016Y7T5X","B0CY2DRV2F","[SHIORI] 栞 老眼鏡 レディース おしゃれ 薄型リーディンググラス ラウンド ブルーライトカット ケース付き SI-12-3 +2.00","新品","5830.00","いいえ",,"はい","19","19","0","0","19","359.7","0","0","0","0","0","0","0","19",
"SI-12-3-25","X0016YC0VB","B0CY2BS5T1","[SHIORI] 栞 老眼鏡 レディース おしゃれ 薄型リーディンググラス ラウンド ブルーライトカット ケース付き SI-12-3 +2.50","新品","5830.00","いいえ",,"はい","19","19","0","0","19","369.36","0","0","0","0","0","0","0","19",
"SI-12-3-30","X0016YI1V9","B0CY2CDFCQ","[SHIORI] 栞 老眼鏡 レディース おしゃれ 薄型リーディンググラス ラウンド ブルーライトカットケース付き SI-12-3 +3.00","新品","5830.00","いいえ",,"はい","20","20","0","0","20","357.73","0","0","0","0","0","0","0","20",
"SI-12R-1-15","X001DC8HL3","B0GX9RRHL2","[SHIORI] 栞 累進老眼鏡 レディース おしゃれ 累進レンズ 薄型リーディンググラス ラウンドケース付き SI-12R-1 +1.50","新品","7150.00","いいえ",,"はい","0","0","0","0","0","365.27","0","0","0","0","0","0","0","0",
"SI-12R-1-20","X001DCD0SN","B0GX9N545T","[SHIORI] 栞 累進老眼鏡 レディース おしゃれ 累進レンズ 薄型リーディンググラス ラウンド ケース付き SI-12R-1 +2.00","新品","7150.00","いいえ",,"はい","0","0","0","0","0","334.46","0","0","0","0","0","0","0","0",
"SI-12R-1-25","X001DC8HLD","B0GX9XQ5BM","[SHIORI] 栞 累進老眼鏡 レディース おしゃれ 累進レンズ 薄型リーディンググラス ラウンド ケース付き SI-12R-1 +2.50","新品","7150.00","いいえ",,"はい","3","3","0","0","3","363.14","0","0","0","0","0","0","0","3",
"SI-12R-1-30","X001DCD0SX","B0GXB2F4MM","[SHIORI] 栞 累進老眼鏡 レディース おしゃれ 累進レンズ 薄型リーディンググラス ラウンド ケース付き SI-12R-1 +3.00","新品","7150.00","いいえ",,"はい","3","3","0","0","3","315.94","0","0","0","0","0","0","0","3",
"SI-12R-2-15","X001DC8HLN","B0GX9MTGGY","[SHIORI] 栞 累進老眼鏡 レディース おしゃれ 累進レンズ 薄型リーディンググラス ラウンド ケース付き SI-12R-2 +1.50","新品","7150.00","いいえ",,"はい","0","0","0","0","0","363.14","0","0","0","0","0","0","0","0",
"SI-12R-2-30","X001DCD0SD","B0GX9RRT1J","[SHIORI] 栞 累進老眼鏡 レディース おしゃれ 累進レンズ 薄型リーディンググラス ラウンド ケース付き SI-12R-2 +3.00","新品","7150.00","いいえ",,"はい","1","1","0","0","1","358.39","0","0","0","0","0","0","0","1",
"SI-12R-3-25","X001DCD0RJ","B0GX9P3NH4","[SHIORI] 栞 累進老眼鏡 レディース おしゃれ 累進レンズ 薄型リーディンググラス ラウンド ケース付き SI-12R-3 +2.50","新品","7150.00","いいえ",,"はい","1","1","0","0","1","297.59","0","0","0","0","0","0","0","1",
"SI-12R-3-30","X001DCD0S3","B0GX9QPDR8","[SHIORI] 栞 累進老眼鏡 レディース おしゃれ 累進レンズ 薄型リーディンググラス ラウンド ケース付き SI-12R-3 +3.00","新品","7150.00","いいえ",,"はい","2","2","0","0","2","332.17","0","0","0","0","0","0","0","2",
"SI-13-1-15","X00188QAH5","B0CYGJK1GJ","[SHIORI] 栞 跳ね上げ式 老眼鏡 メンズ レディース おしゃれ 薄型リーディンググラス ブルーライトカット シルバー SI-13-1 +1.50","新品","6820.00","いいえ",,"はい","8","8","0","0","8","362.48","0","0","0","0","0","0","0","8",
"SI-13-1-20","X00188QAFH","B0CYGGRS89","[SHIORI] 栞 跳ね上げ式 老眼鏡 メンズ レディース おしゃれ 薄型リーディンググラス ブルーライトカット シルバー SI-13-1 +2.00","新品","6820.00","いいえ",,"はい","6","6","0","0","8","360.52","0","0","2","0","0","0","0","6",
"SI-13-1-25","X00188QAHF","B0CYGN37TL","[SHIORI] 栞 跳ね上げ式 老眼鏡 メンズ レディース おしゃれ 薄型リーディンググラス ブルーライトカット シルバー SI-13-1 +2.50","新品","6820.00","いいえ",,"はい","7","7","0","0","7","358.39","0","0","0","0","0","0","0","7",
"SI-13-1-30","X00188QAFR","B0CYG8TWLP","[SHIORI] 栞 跳ね上げ式 老眼鏡 メンズ レディース おしゃれ 薄型リーディンググラス ブルーライトカット シルバー SI-13-1 +3.00","新品","6820.00","いいえ",,"はい","13","13","0","0","14","360.52","0","0","1","0","0","0","0","13",
"SI-13-2-15","X00188QAHP","B0CYH6QHK6","[SHIORI] 栞 跳ね上げ式 老眼鏡 メンズ レディース おしゃれ 薄型リーディンググラス UVカット ケース付き SI-13-2 +1.50","新品","6820.00","いいえ",,"はい","11","10","0","1","11","365.27","0","0","0","0","0","0","0","10",
"SI-13-2-20","X00188QAF7","B0CYGR454G","[SHIORI] 栞 跳ね上げ式 老眼鏡 メンズ レディース おしゃれ 薄型リーディンググラス UVカット ケース付き SI-13-2 +2.00","新品","6820.00","いいえ",,"はい","6","6","0","0","6","365.27","0","0","0","0","0","0","0","6",
"SI-13-2-25","X00188QAGL","B0CYGZNQDJ","[SHIORI] 栞 跳ね上げ式 老眼鏡 メンズ レディース おしゃれ 薄型リーディンググラス UVカット ケース付き SI-13-2 +2.50","新品","6820.00","いいえ",,"はい","6","6","0","0","6","374.28","0","0","0","0","0","0","0","6",
"SI-13-2-30","X00188QAGB","B0CYGYFXWM","[SHIORI] 栞 跳ね上げ式 老眼鏡 メンズ レディース おしゃれ 薄型リーディンググラス UVカット ケース付き SI-13-2 +3.00","新品","6820.00","いいえ",,"はい","4","4","0","0","10","371.33","0","0","6","0","0","0","0","4",
"SI-13-3-15","X00188QAGV","B0CYGYCRJB","[SHIORI] 栞 跳ね上げ式 老眼鏡 メンズ レディース おしゃれ 薄型リーディンググラス ケース付き UVカット SI-13-3 +1.50","新品","6820.00","いいえ",,"はい","10","10","0","0","10","360.52","0","0","0","0","0","0","0","10",
"SI-13-3-20","X00188QAG1","B0CYGWK2H9","[SHIORI] 栞 跳ね上げ式 老眼鏡 メンズ レディース おしゃれ 薄型リーディンググラス UVカット ケース付き SI-13-3 +2.00","新品","6820.00","いいえ",,"はい","5","5","0","0","5","369.36","0","0","0","0","0","0","0","5",
"SI-13-3-25","X00188QAI9","B0CYGTCL52","[SHIORI] 栞 跳ね上げ式 老眼鏡 メンズ レディース おしゃれ 薄型リーディンググラス UVカット ケース付き SI-13-3 +2.50","新品","6820.00","いいえ",,"はい","13","13","0","0","13","365.27","0","0","0","0","0","0","0","13",
"SI-13-3-30","X00188QAHZ","B0CYGRYS8R","[SHIORI] 栞 跳ね上げ式 老眼鏡 メンズ レディース おしゃれ 薄型リーディンググラス UVカット ケース付き SI-13-3 +3.00","新品","6820.00","いいえ",,"はい","5","5","0","0","8","369.36","0","0","3","0","0","0","0","5",
"SI-14-1-10","X0017PNEEB","B0D498PPZH","[SHIORI] 栞 老眼鏡 メンズ おしゃれ 薄型 リーディンググラス ブルーライトカット UVカット ケース付き SI-14-1 +1.00","新品","6820.00","いいえ",,"はい","0","0","0","0","0","391.49","0","0","0","0","0","0","0","0",
"SI-14-1-15","X0017PNEFZ","B0D49BG7J3","[SHIORI] 栞 老眼鏡 メンズ おしゃれ 薄型 リーディンググラス ブルーライトカット UVカット ケース付き SI-14-1 +1.50","新品","6820.00","いいえ",,"はい","4","4","0","0","4","372.15","0","0","0","0","0","0","0","4",
"SI-14-1-20","X0017PNEDR","B0D49B6RHH","[SHIORI] 栞 老眼鏡 メンズ おしゃれ 薄型 リーディンググラス ブルーライトカット UVカット ケース付き SI-14-1 +2.00","新品","6820.00","いいえ",,"はい","0","0","0","0","0","367.23","0","0","0","0","0","0","0","0",
"SI-14-1-25","X0017PNECN","B0D49BM1N6","[SHIORI] 栞 老眼鏡 メンズ おしゃれ 薄型 リーディンググラス ブルーライトカット UVカット ケース付き SI-14-1 +2.50","新品","6820.00","いいえ",,"はい","11","11","0","0","11","364.45","0","0","0","0","0","0","0","11",
"SI-14-1-30","X0017PNEFF","B0D498VT81","[SHIORI] 栞 老眼鏡 メンズ おしゃれ 薄型 リーディンググラス ブルーライトカット UVカット ケース付き SI-14-1 +3.00","新品","6820.00","いいえ",,"はい","8","8","0","0","9","372.15","0","0","1","0","0","0","0","8",
"SI-14-2-10","X0017PNEE1","B0D499TLN2","[SHIORI] 栞 老眼鏡 メンズ おしゃれ 薄型 リーディンググラス ブルーライトカット UVカット ケース付き SI-14-2 +1.00","新品","6820.00","いいえ",,"はい","2","2","0","0","2","333.97","0","0","0","0","0","0","0","2",
"SI-14-2-15","X0017PNECD","B0D4997WMQ","[SHIORI] 栞 老眼鏡 メンズ おしゃれ 薄型 リーディンググラス ブルーライトカット UVカット ケース付き SI-14-2 +1.50","新品","6820.00","いいえ",,"はい","3","3","0","0","3","365.27","0","0","0","0","0","0","0","3",
"SI-14-2-20","X0017PNEEL","B0D499VJDF","[SHIORI] 栞 老眼鏡 メンズ おしゃれ 薄型 リーディンググラス ブルーライトカット UVカット ケース付き SI-14-2 +2.00","新品","6820.00","いいえ",,"はい","11","11","0","0","11","369.36","0","0","0","0","0","0","0","11",
"SI-14-2-25","X0017PNED7","B0D49B6Y2Y","[SHIORI] 栞 老眼鏡 メンズ おしゃれ 薄型 リーディンググラス ブルーライトカット UVカット ケース付き SI-14-2 +2.50","新品","6820.00","いいえ",,"はい","12","12","0","0","12","367.23","0","0","0","0","0","0","0","12",
"SI-14-2-30","X0017PNEFP","B0D499CH4P","[SHIORI] 栞 老眼鏡 メンズ おしゃれ 薄型 リーディンググラス ブルーライトカット UVカット ケース付き SI-14-2 +3.00","新品","6820.00","いいえ",,"はい","13","13","0","0","13","365.27","0","0","0","0","0","0","0","13",
"SI-14-3-10","X0017PNEEV","B0D49CPTSL","[SHIORI] 栞 老眼鏡 メンズ おしゃれ 薄型 リーディンググラス ブルーライトカット UVカット ケース付き SI-14-3 +1.00","新品","6820.00","いいえ",,"はい","5","5","0","0","5","362.48","0","0","0","0","0","0","0","5",
"SI-14-3-15","X0017PNECX","B0D49CQKRR","[SHIORI] 栞 老眼鏡 メンズ おしゃれ 薄型 リーディンググラス ブルーライトカット UVカット ケース付き SI-14-3 +1.50","新品","6820.00","いいえ",,"はい","1","1","0","0","1","387.23","0","0","0","0","0","0","0","1",
"SI-14-3-20","X0017PNEF5","B0D499ZPHJ","[SHIORI] 栞 老眼鏡 メンズ おしゃれ 薄型 リーディンググラス ブルーライトカット UVカット ケース付き SI-14-3 +2.00","新品","6820.00","いいえ",,"はい","2","2","0","0","2","382.97","0","0","0","0","0","0","0","2",
"SI-14-3-25","X0017PNEDH","B0D498NNPQ","[SHIORI] 栞 老眼鏡 メンズ おしゃれ 薄型 リーディンググラス ブルーライトカット UVカット ケース付き SI-14-3 +2.50","新品","6820.00","いいえ",,"はい","2","2","0","0","2","372.97","0","0","0","0","0","0","0","2",
"SI-14-3-30","X0017PNEG9","B0D49B1WZF","[SHIORI] 栞 老眼鏡 メンズ おしゃれ 薄型 リーディンググラス ブルーライトカット UVカット ケース付き SI-14-3 +3.00","新品","6820.00","いいえ",,"はい","10","10","0","0","10","364.45","0","0","0","0","0","0","0","10",
"SI-16-1-10","X001C1475F","B0FY2GGC95","[SHIORI] 栞 老眼鏡 レディース メンズ おしゃれ 薄型 軽量 メタル ブルーライトカット UVカット ケース付き SI-16-1-10","新品","6820.00","いいえ",,"はい","10","9","0","0","11","391.49","0","0","1","1","0","0","0","9",
"SI-16-1-15","X001C0WNCP","B0FY2GF61X","[SHIORI] 栞 老眼鏡 レディース メンズ おしゃれ 薄型 軽量 メタル ブルーライトカット UVカット ケース付き SI-16-1-15","新品","6820.00","いいえ",,"はい","12","12","0","0","12","394.44","0","0","0","0","0","0","0","12",
"SI-16-1-20","X001C173R9","B0FY2DGY68","[SHIORI] 栞 老眼鏡 レディース メンズ おしゃれ 薄型 軽量 メタル ブルーライトカット UVカット ケース付き SI-16-1-20","新品","6820.00","いいえ",,"はい","11","11","0","0","11","384.93","0","0","0","0","0","0","0","11",
"SI-16-1-25","X001C0WNE3","B0FY2HB4QV","[SHIORI] 栞 老眼鏡 レディース メンズ おしゃれ 薄型 軽量 メタル ブルーライトカット UVカット ケース付き SI-16-1-25","新品","6820.00","いいえ",,"はい","15","15","0","0","15","392.31","0","0","0","0","0","0","0","15",
"SI-16-2-10","X001C0Y16V","B0FY2GQ1T8","[SHIORI] 栞 老眼鏡 レディース メンズ おしゃれ 薄型 軽量 メタル ブルーライトカット UVカット ケース付き SI-16-2-10","新品","6820.00","いいえ",,"はい","13","13","0","0","13","380.84","0","0","0","0","0","0","0","13",
"SI-16-2-15","X001C4CXDZ","B0FY2HTKWF","[SHIORI] 栞 老眼鏡 レディース メンズ おしゃれ 薄型 軽量 メタル ブルーライトカット UVカット ケース付き SI-16-2-15","新品","6820.00","いいえ",,"はい","13","13","0","0","13","381.65","0","0","0","0","0","0","0","13",
"SI-16-2-20","X001C0XTA5","B0FY2GLHN7","[SHIORI] 栞 老眼鏡 レディース メンズ おしゃれ 薄型 軽量 メタル ブルーライトカット UVカット ケース付き SI-16-2-20","新品","6820.00","いいえ",,"はい","13","13","0","0","13","392.31","0","0","0","0","0","0","0","13",
"SI-16-2-25","X001C173SN","B0FY2CZZYF","[SHIORI] 栞 老眼鏡 レディース メンズ おしゃれ 薄型 軽量 メタル ブルーライトカット UVカット ケース付き SI-16-2-25","新品","6820.00","いいえ",,"はい","10","10","0","0","10","365.27","0","0","0","0","0","0","0","10",
"SI-16-3-10","X001C14KH5","B0FY2G4R3X","[SHIORI] 栞 老眼鏡 レディース メンズ おしゃれ 薄型 軽量 メタル ブルーライトカット UVカット ケース付き SI-16-3-10","新品","6820.00","いいえ",,"はい","12","12","0","0","12","392.31","0","0","0","0","0","0","0","12",
"SI-16-3-15","X001C0XTAF","B0FY2JFHCV","[SHIORI] 栞 老眼鏡 レディース メンズ おしゃれ 薄型 軽量 メタル ブルーライトカット UVカット ケース付き SI-16-3-15","新品","6820.00","いいえ",,"はい","15","15","0","0","15","392.31","0","0","0","0","0","0","0","15",
"SI-16-3-20","X001C14RRD","B0FY2GX3P2","[SHIORI] 栞 老眼鏡 レディース メンズ おしゃれ 薄型 軽量 メタル ブルーライトカット UVカット ケース付き SI-16-3-20","新品","6820.00","いいえ",,"はい","13","13","0","0","13","365.27","0","0","0","0","0","0","0","13",
"SI-16-3-25","X001C17DUB","B0FY2DY63W","[SHIORI] 栞 老眼鏡 レディース メンズ おしゃれ 薄型 軽量 メタル ブルーライトカット UVカット ケース付き SI-16-3-25","新品","6820.00","いいえ",,"はい","15","15","0","0","15","378.71","0","0","0","0","0","0","0","15",
"SIF-01-1-25","X000Z3WA9V","B09H1ZHWMR","[SHIORI] 栞 老眼鏡 超薄型リーディンググラス おしゃれ メンズ レディース 日本製 鯖江企画 ショートテンプル SIF-01 +2.50","新品","8690.00","いいえ",,"はい","1","0","0","0","1","170.75","0","0","0","1","0","0","0","0",
"SIF-01-1-30","X000Z3VSWV","B09H2JD37Y","[SHIORI] 栞 老眼鏡 超薄型リーディンググラス おしゃれ メンズ レディース 日本製 鯖江企画 ショートテンプル SIF-01 +3.00","新品","8690.00","いいえ",,"はい","6","6","0","0","6","172.39","0","0","0","0","0","0","0","6",
"SIF-01-2-30","X000Z3VH63","B09H1YK86P","[SHIORI] 栞 老眼鏡 超薄型リーディンググラス おしゃれ メンズ レディース 日本製 鯖江企画 ショートテンプル SIF-01 +3.00","新品","8690.00","いいえ",,"はい","1","1","0","0","1","171.41","0","0","0","0","0","0","0","1",
"SIF-02-1-20","X000Z3VPKV","B09H24CQW5","[SHIORI] 栞 老眼鏡 超薄型リーディンググラス おしゃれ メンズ レディース 日本製 鯖江企画 ショートテンプル SIF-02 +2.00","新品","8690.00","いいえ",,"はい","0","0","0","0","0","170.43","0","0","0","0","0","0","0","0",
"SIF-02-1-25","X000Z3VSXF","B09H2CRW7F","[SHIORI] 栞 老眼鏡 超薄型リーディンググラス おしゃれ メンズ レディース 日本製 鯖江企画 ショートテンプル SIF-02 +2.50","新品","8690.00","いいえ",,"はい","10","10","0","0","10","171.41","0","0","0","0","0","0","0","10",
"SIF-02-1-30","X000Z3VSX5","B09H2G9ZTB","[SHIORI] 栞 老眼鏡 超薄型リーディンググラス おしゃれ メンズ レディース 日本製 鯖江企画 ショートテンプル SIF-02 +3.00","新品","8690.00","いいえ",,"はい","6","6","0","0","6","172.39","0","0","0","0","0","0","0","6",
"SIF-02-2-15","X000Z3WA9L","B09H2BX5JZ","[SHIORI] 栞 老眼鏡 超薄型リーディンググラス おしゃれ メンズ レディース 日本製 鯖江企画 ショートテンプル SIF-02 +1.50","新品","8690.00","いいえ",,"はい","0","0","0","0","0","171.41","0","0","0","0","0","0","0","0",
"SIF-02-2-20","X000Z3WA9B","B09H2BKW3F","[SHIORI] 栞 老眼鏡 超薄型リーディンググラス おしゃれ メンズ レディース 日本製 鯖江企画 ショートテンプル SIF-02 +2.00","新品","8690.00","いいえ",,"はい","2","2","0","0","2","180.91","0","0","0","0","0","0","0","2",
"SIF-02-2-25","X000Z3VH6N","B09H2GT25D","[SHIORI] 栞 老眼鏡 超薄型リーディンググラス おしゃれ メンズ レディース 日本製 鯖江企画 ショートテンプル SIF-02 +2.50","新品","8690.00","いいえ",,"はい","9","9","0","0","17","172.39","0","0","8","0","0","0","0","9",
"SIF-02-2-30","X000Z3VH6D","B09H26LFM1","[SHIORI] 栞 老眼鏡 超薄型リーディンググラス おしゃれ メンズ レディース 日本製 鯖江企画 ショートテンプル SIF-02 +3.00","新品","8690.00","いいえ",,"はい","11","11","0","0","11","170.43","0","0","0","0","0","0","0","11",
"SIP-01-1-10","X001C02JQZ","B0FBRBTYLW","[SHIORI] 栞 老眼鏡 レディース メンズ おしゃれ 薄型 軽量 リーディンググラス ブルーライトカット シルバー SIP-01-1 +1.00","新品","6820.00","いいえ",,"はい","13","13","0","0","13","364.45","0","0","0","0","0","0","0","13",
"SIP-01-1-15","X001BYGFNP","B0FBRBPG7Q","[SHIORI] 栞 老眼鏡 レディース メンズ おしゃれ 薄型 軽量 リーディンググラス ブルーライトカット シルバー SIP-01-1 +1.50","新品","6820.00","いいえ",,"はい","15","15","0","0","15","365.27","0","0","0","0","0","0","0","15",
"SIP-01-1-20","X001BYFJ5P","B0FBQXQ15M","[SHIORI] 栞 老眼鏡 レディース メンズ おしゃれ 薄型 軽量 リーディンググラス ブルーライトカット シルバー SIP-01-1 +2.00","新品","6820.00","いいえ",,"はい","15","15","0","0","15","365.27","0","0","0","0","0","0","0","15",
"SIP-01-1-25","X001BYGFNZ","B0FBRCSWHN","[SHIORI] 栞 老眼鏡 レディース メンズ おしゃれ 薄型 軽量 リーディンググラス ブルーライトカット シルバー SIP-01-1 +2.50","新品","6820.00","いいえ",,"はい","14","14","0","0","14","370.02","0","0","0","0","0","0","0","14",
"SIP-01-2-10","X001BYIK33","B0FBRCWP48","[SHIORI] 栞 老眼鏡 レディース メンズ おしゃれ 薄型 軽量 リーディンググラス ブルーライトカット UVカット SIP-01-2 +1.00","新品","6820.00","いいえ",,"はい","14","14","0","0","14","398.86","0","0","0","0","0","0","0","14",
"SIP-01-2-15","X001BY08PL","B0FBRDD61D","[SHIORI] 栞 老眼鏡 レディース メンズ おしゃれ 薄型 軽量 リーディンググラス ブルーライトカット UVカット SIP-01-2 +1.50","新品","6820.00","いいえ",,"はい","8","8","0","0","8","374.28","0","0","0","0","0","0","0","8",
"SIP-01-2-20","X001BYEH8P","B0FBRDKWZB","[SHIORI] 栞 老眼鏡 レディース メンズ おしゃれ 薄型 軽量 リーディンググラス ブルーライトカット UVカット SIP-01-2 +2.00","新品","6820.00","いいえ",,"はい","13","13","0","0","13","394.44","0","0","0","0","0","0","0","13",
"SIP-01-2-25","X001BYKB21","B0FBRBJFRG","[SHIORI] 栞 老眼鏡 レディース メンズ おしゃれ 薄型 軽量 リーディンググラス ブルーライトカット UVカット SIP-01-2 +2.50","新品","6820.00","いいえ",,"はい","15","15","0","0","15","364.45","0","0","0","0","0","0","0","15",
"SIP-01-3-10","X001BYE7BH","B0FBRD22VL","[SHIORI] 栞 老眼鏡 レディース メンズ おしゃれ 薄型 軽量 リーディンググラス ブルーライトカット ケース付き SIP-01-3 +1.00","新品","6820.00","いいえ",,"はい","11","11","0","0","11","370.84","0","0","0","0","0","0","0","11",
"SIP-01-3-15","X001BYA46J","B0FBRBGPYW","[SHIORI] 栞 老眼鏡 レディース メンズ おしゃれ 薄型 軽量 リーディンググラス ブルーライトカット ケース付き SIP-01-3 +1.50","新品","6820.00","いいえ",,"はい","10","10","0","0","10","394.44","0","0","0","0","0","0","0","10",
"SIP-01-3-20","X001BY6F5X","B0FBRCKRGV","[SHIORI] 栞 老眼鏡 レディース メンズ おしゃれ 薄型 軽量 リーディンググラス ブルーライトカット ケース付き SIP-01-3 +2.00","新品","6820.00","いいえ",,"はい","14","14","0","0","14","364.45","0","0","0","0","0","0","0","14",
"SIP-01-3-25","X001BYMQL5","B0FBRBQTXB","[SHIORI] 栞 老眼鏡 レディース メンズ おしゃれ 薄型 軽量 リーディンググラス ブルーライトカット ケース付き SIP-01-3 +2.50","新品","6820.00","いいえ",,"はい","15","15","0","0","15","365.27","0","0","0","0","0","0","0","15",
"SIP-01-4-10","X001BYIK51","B0FBRD1NRZ","[SHIORI] 栞 老眼鏡 レディース メンズ おしゃれ 薄型 軽量 リーディンググラス ブルーライトカット レッド SIP-01-4 +1.00","新品","6820.00","いいえ",,"はい","14","14","0","0","14","394.44","0","0","0","0","0","0","0","14",
"SIP-01-4-15","X001BYID5D","B0FBRBP3XG","[SHIORI] 栞 老眼鏡 レディース メンズ おしゃれ 薄型 軽量 リーディンググラス ブルーライトカット レッド SIP-01-4 +1.50","新品","6820.00","いいえ",,"はい","15","15","0","0","16","393.62","0","0","1","0","0","0","0","15",
"SIP-01-4-20","X001BYE7C1","B0FBRD7PZW","[SHIORI] 栞 老眼鏡 レディース メンズ おしゃれ 薄型 軽量 リーディンググラス ブルーライトカット レッド SIP-01-4 +2.00","新品","6820.00","いいえ",,"はい","15","15","0","0","15","362.48","0","0","0","0","0","0","0","15",
"SIP-01-4-25","X001BY6F6R","B0FBRBJ78H","[SHIORI] 栞 老眼鏡 レディース メンズ おしゃれ 薄型 軽量 リーディンググラス ブルーライトカット レッド SIP-01-4 +2.50","新品","6820.00","いいえ",,"はい","15","15","0","0","15","375.92","0","0","0","0","0","0","0","15",
"SIP-01-5-10","X001BYA47N","B0FBRCC7M5","[SHIORI] 栞 老眼鏡 レディース メンズ おしゃれ 薄型 軽量 リーディンググラス ブルーライトカット ブルー SIP-01-5 +1.00","新品","6820.00","いいえ",,"はい","14","14","0","0","14","387.23","0","0","0","0","0","0","0","14",
"SIP-01-5-15","X001BYFJ9L","B0FBR6CG1Y","[SHIORI] 栞 老眼鏡 レディース メンズ おしゃれ 薄型 軽量 リーディンググラス ブルーライトカット ブルー SIP-01-5 +1.50","新品","6820.00","いいえ",,"はい","14","14","0","0","14","365.27","0","0","0","0","0","0","0","14",
"SIP-01-5-20","X001BYE7CV","B0FBRCY2BT","[SHIORI] 栞 老眼鏡 レディース メンズ おしゃれ 薄型 軽量 リーディンググラス ブルーライトカット ブルー SIP-01-5 +2.00","新品","6820.00","いいえ",,"はい","14","14","0","0","14","389.36","0","0","0","0","0","0","0","14",
"SIP-01-5-25","X001BYEHB7","B0FBRBW1TV","[SHIORI] 栞 老眼鏡 レディース メンズ おしゃれ 薄型 軽量 リーディンググラス ブルーライトカット ブルー SIP-01-5 +2.50","新品","6820.00","いいえ",,"はい","14","14","0","0","14","362.48","0","0","0","0","0","0","0","14",
"SIP-01-6-10","X001BY6F7B","B0FBRBL74V","[SHIORI] 栞 老眼鏡 レディース メンズ おしゃれ 薄型 軽量 リーディンググラス ブルーライトカット ホワイト SIP-01-6 +1.00","新品","6820.00","いいえ",,"はい","14","14","0","0","14","392.31","0","0","0","0","0","0","0","14",
"SIP-01-6-15","X001BYJURN","B0FBR8TMD4","[SHIORI] 栞 老眼鏡 レディース メンズ おしゃれ 薄型 軽量 リーディンググラス ブルーライトカット ホワイト SIP-01-6 +1.50","新品","6820.00","いいえ",,"はい","15","15","0","0","15","393.62","0","0","0","0","0","0","0","15",
"SIP-01-6-20","X001BYJL3L","B0FBR8P968","[SHIORI] 栞 老眼鏡 レディース メンズ おしゃれ 薄型 軽量 リーディンググラス ブルーライトカット ホワイト SIP-01-6 +2.00","新品","6820.00","いいえ",,"はい","14","14","0","0","14","362.48","0","0","0","0","0","0","0","14",
"SIP-01-6-25","X001BZOTAZ","B0FBRBSQK8","[SHIORI] 栞 老眼鏡 レディース メンズ おしゃれ 薄型 軽量 リーディンググラス ブルーライトカット ホワイト SIP-01-6 +2.50","新品","6820.00","いいえ",,"はい","14","14","0","0","14","362.48","0","0","0","0","0","0","0","14",
"SIW-01-1-10","X001D7I173","B0GVHDHK46","[SHIORI] 薄型老眼鏡 薄型リーディンググラス メンズ レディース 天然木テンプル メープル 軽量 ブルーライト SIW-01-1+1.00","新品","8910.00","いいえ",,"はい","15","15","0","0","15","375.92","0","0","0","0","0","0","0","15",
"SIW-01-1-15","X001D7FGPX","B0GVGZK5QR","[SHIORI] 薄型老眼鏡 薄型リーディンググラス メンズ レディース 天然木テンプル メープル 軽量 ブルーライト SIW-01-1+1.50","新品","8910.00","いいえ",,"はい","15","15","0","0","15","393.62","0","0","0","0","0","0","0","15",
"SIW-01-1-20","X001D7J59V","B0GVH97NT8","[SHIORI] 薄型老眼鏡 薄型リーディンググラス メンズ レディース 天然木テンプル メープル 軽量 ブルーライト SIW-01-1+2.00","新品","8910.00","いいえ",,"はい","15","15","0","0","15","362.48","0","0","0","0","0","0","0","15",
"SIW-01-1-25","X001D7I16T","B0GVH3MYDN","[SHIORI] 薄型老眼鏡 薄型リーディンググラス メンズ レディース 天然木テンプル メープル 軽量 ブルーライト SIW-01-1+2.50","新品","8910.00","いいえ",,"はい","14","14","0","0","14","393.62","0","0","0","0","0","0","0","14",
"SIW-01-2-10","X001D7L8O1","B0GVHDGJ2N","[SHIORI] 薄型老眼鏡 薄型リーディンググラス メンズ レディース 天然木テンプル 花梨 軽量 ブルーライトカット SIW-01-2 +1.00","新品","8910.00","いいえ",,"はい","15","15","0","0","15","398.86","0","0","0","0","0","0","0","15",
"SIW-01-2-15","X001D7L8NR","B0GVH3D3VN","[SHIORI] 薄型老眼鏡 薄型リーディンググラス メンズ レディース 天然木テンプル 花梨 軽量 ブルーライトカット SIW-01-2 +1.50","新品","8910.00","いいえ",,"はい","12","12","0","0","12","364.45","0","0","0","0","0","0","0","12",
"SIW-01-2-20","X001D7J5A5","B0GVH5DGCG","[SHIORI] 薄型老眼鏡 薄型リーディンググラス メンズ レディース 天然木テンプル 花梨 軽量 ブルーライトカット SIW-01-2 +2.00","新品","8910.00","いいえ",,"はい","10","10","0","0","10","359.7","0","0","0","0","0","0","0","10",
"SIW-01-2-25","X001D7J5AF","B0GVH6WSX7","[SHIORI] 薄型老眼鏡 薄型リーディンググラス メンズ レディース 天然木テンプル 花梨 軽量 ブルーライトカット SIW-01-2 +2.50","新品","8910.00","いいえ",,"はい","8","8","0","0","10","314.96","0","0","2","0","0","0","0","8",
"SPC-006-1+10","X0013FUKKV","B0B3CMD44H","[SCANDINAVIAN PATTERN COLLECTION] 老眼鏡 北欧柄 ブルーライトカット 専用ケース付 SPC-006-1+1.00","新品","3850.00","いいえ",,"はい","1","1","0","0","9","584.53","0","0","8","0","0","0","0","1",
"SPC-006-1+15","X00112SEV3","B0B3CPBCWJ","[SCANDINAVIAN PATTERN COLLECTION] 老眼鏡 北欧柄 ブルーライトカット 専用ケース付 SPC-006-1+1.50","新品","3850.00","いいえ",,"はい","0","0","0","0","16","603.86","0","0","16","0","0","0","0","0",
"SPC-006-1+20","X0013FOMIH","B0B3CWPS4M","[SCANDINAVIAN PATTERN COLLECTION] 老眼鏡 北欧柄 ブルーライトカット 専用ケース付 SPC-006-1+2.00","新品","3850.00","いいえ",,"はい","0","0","0","0","16","621.07","0","0","16","0","0","0","0","0",
"SPC-006-1+25","X00112U0UB","B0B3CL7QXF","[SCANDINAVIAN PATTERN COLLECTION] 老眼鏡 北欧柄 ブルーライトカット 専用ケース付 SPC-006-1+2.50","新品","3850.00","いいえ",,"はい","9","8","0","0","19","594.19","0","0","10","1","0","0","0","8",
"SPC-006-2+25","X00112S9X1","B0B3CVRZ6K","[SCANDINAVIAN PATTERN COLLECTION] 老眼鏡 北欧柄 ブルーライトカット 専用ケース付 SPC-006-2+2.50","新品","3850.00","いいえ",,"はい","1","0","0","1","1","592.56","0","0","0","0","0","0","0","0",
"SPC-007-2+10","X0016NB0IL","B0B3CMFQTF","[SCANDINAVIAN PATTERN COLLECTION] 老眼鏡 北欧柄 ブルーライトカット レディース おしゃれ SPC-007-2+1.00","新品","3850.00","いいえ",,"はい","0","0","0","0","15","639.75","0","0","15","0","0","0","0","0",
"SPC-007-2+15","X00112S9XB","B0B3DCHTPY","[SCANDINAVIAN PATTERN COLLECTION] 老眼鏡 北欧柄 ブルーライトカット レディース おしゃれ SPC-007-2+1.50","新品","3850.00","いいえ",,"はい","0","0","0","0","15","607.14","0","0","15","0","0","0","0","0",
"SPC-007-2+20","X00112U0TR","B0B3CDXS5L","[SCANDINAVIAN PATTERN COLLECTION] 老眼鏡 北欧柄 ブルーライトカット レディース おしゃれ SPC-007-2+2.00","新品","3850.00","いいえ",,"はい","0","0","0","0","15","600.59","0","0","15","0","0","0","0","0",
"SPC-007-2+25","X00112USAD","B0B3DBRBGQ","[SCANDINAVIAN PATTERN COLLECTION] 老眼鏡 北欧柄 ブルーライトカット レディース おしゃれ SPC-007-2+2.50","新品","3850.00","いいえ",,"はい","0","0","0","0","0","599.11","0","0","0","0","0","0","0","0",
"SPC-008-1+25","X00112USAX","B0B3D2G98R","[SCANDINAVIAN PATTERN COLLECTION] 老眼鏡 北欧柄 ブルーライトカット 専用ケース付 SPC-008-1+2.50","新品","3630.00","いいえ",,"はい","0","0","0","0","0","592.56","0","0","0","0","0","0","0","0",
"SPC-009-1-15","X001967TU3","B0DJSKG6DL","[SCANDINAVIAN PATTERN COLLECTION] 老眼鏡 北欧柄 ブルーライトカット 専用ケース付 SPC-009-1+1.50","新品","3850.00","いいえ",,"はい","7","7","0","0","7","592.56","0","0","0","0","0","0","0","7",
"SPC-009-1-20","X00196A6H1","B0DJSLJFZ2","[SCANDINAVIAN PATTERN COLLECTION] 老眼鏡 北欧柄 ブルーライトカット 専用ケース付 SPC-009-1+2.00","新品","3850.00","いいえ",,"はい","11","11","0","0","11","605.99","0","0","0","0","0","0","0","11",
"SPC-009-1-25","X00196A6JJ","B0DJSLXSWD","[SCANDINAVIAN PATTERN COLLECTION] 老眼鏡 北欧柄 ブルーライトカット 専用ケース付 SPC-009-1+2.50","新品","3850.00","いいえ",,"はい","13","13","0","0","13","595.83","0","0","0","0","0","0","0","13",
"SPC-009-2-10","X00196E6RR","B0DJSL5T8M","[SCANDINAVIAN PATTERN COLLECTION] 老眼鏡 北欧柄 ブルーライトカット 専用ケース付 SPC-009-2+1.00","新品","3850.00","いいえ",,"はい","0","0","0","0","0","584.53","0","0","0","0","0","0","0","0",
"SPC-009-2-15","X00196E6TZ","B0DJSK9NMD","[SCANDINAVIAN PATTERN COLLECTION] 老眼鏡 北欧柄 ブルーライトカット 専用ケース付 SPC-009-2+1.50","新品","3850.00","いいえ",,"はい","0","0","0","0","0","592.56","0","0","0","0","0","0","0","0",
"SPC-009-2-20","X00196CY9T","B0DJSM8FZG","[SCANDINAVIAN PATTERN COLLECTION] 老眼鏡 北欧柄 ブルーライトカット 専用ケース付 SPC-009-2+2.00","新品","3850.00","いいえ",,"はい","9","8","0","1","9","586","0","0","0","0","0","0","0","8",
"UK-001-1","X00165ITLF","B0CQKRRZZM","ukaru 優軽 勉強用メガネ 軽量 目に優しい スクエア 鯖江メーカー企画 UVカット ブルーライトカット イエローカット UK-001-1","新品","5940.00","いいえ",,"はい","20","20","0","0","20","570.11","0","0","0","0","0","0","0","20",
"UK-001-2","X00165D6F9","B0CQKR43W2","ukaru 優軽 勉強用メガネ 軽量 目に優しい スクエア 鯖江メーカー企画 UVカット ブルーライトカット イエローカット UK-001-2","新品","5940.00","いいえ",,"はい","23","23","0","0","23","570.11","0","0","0","0","0","0","0","23",
"UK-002-1","X00165D42T","B0CQKRKX82","ukaru 優軽 勉強用メガネ 軽量 目に優しい ウェリントン 鯖江メーカー企画 UVカット ブルーライトカット イエローカット UK-002-1","新品","5940.00","いいえ",,"はい","20","20","0","0","20","594.03","0","0","0","0","0","0","0","20",
"UK-002-2","X00165IHWL","B0CQKS1DGW","ukaru 優軽 勉強用メガネ 軽量 目に優しい ウェリントン 鯖江メーカー企画 UVカット ブルーライトカット イエローカット UK-002-2","新品","5940.00","いいえ",,"はい","10","10","0","0","10","594.03","0","0","0","0","0","0","0","10",
"WEEKENDERS_N1-BK-51","X000ZL86Y1","B09MYBCVK4","[ISPIC] WEEKENDERS_N1-BK-51","新品","22550.00","いいえ",,"はい","1","1","0","0","1","1226.57","0","0","0","0","0","0","0","1",
"WEEKENDERS_N1-CT-51","X000ZL7KI9","B09MYDX59D","[ISPIC] WEEKENDERS_N1-CT-51","新品","22550.00","いいえ",,"はい","1","1","0","0","1","1226.57","0","0","0","0","0","0","0","1",
"WEEKENDERS_N1-CT-54","X000ZL7LSN","B09MY8GJ6M","[ISPIC] WEEKENDERS_N1-CT-54","新品","22550.00","いいえ",,"はい","1","1","0","0","1","1226.57","0","0","0","0","0","0","0","1",
"WEEKENDERS_N1-OD-51","X000ZL4P8H","B09MYS874Y","[ISPIC] WEEKENDERS_N1-OD-51","新品","22550.00","いいえ",,"はい","1","1","0","0","1","1226.57","0","0","0","0","0","0","0","1",
"WEEKENDERS_N2-BK-51","X000ZL7KHF","B09MY7V2X1","[ISPIC] WEEKENDERS_N2-BK-51","新品","22550.00","いいえ",,"はい","1","1","0","0","1","1226.57","0","0","0","0","0","0","0","1",
"WEEKENDERS_N2-CT-48","X000ZL7LS3","B09MYKCLJR","[ISPIC] WEEKENDERS_N2-CT-48","新品","22550.00","いいえ",,"はい","1","1","0","0","1","1226.57","0","0","0","0","0","0","0","1",
"WEEKENDERS_N2-CT-51","X000ZL86YV","B09MYFRSXH","[ISPIC] WEEKENDERS_N2-CT-51","新品","22550.00","いいえ",,"はい","1","1","0","0","1","1226.57","0","0","0","0","0","0","0","1",
"WEEKENDERS_N2-OD-48","X000ZL86YL","B09MY92ZH8","[ISPIC] WEEKENDERS_N2-OD-48","新品","22550.00","いいえ",,"はい","1","1","0","0","1","1226.57","0","0","0","0","0","0","0","1",
"WEEKENDERS_N2-OD-51","X000ZL86YB","B09MY9FJ6Z","[ISPIC] WEEKENDERS_N2-OD-51","新品","22550.00","いいえ",,"はい","1","1","0","0","1","1226.57","0","0","0","0","0","0","0","1",
"WEEKENDERS_S2-L","X000YA509H","B098DQ4XV7","[ISPIC] WEEKENDERS_S2-L","新品","29700.00","いいえ",,"はい","1","1","0","0","1","1226.57","0","0","0","0","0","0","0","1",
"bdr-1001-1-10","X001CRET7P","B085PRZ45Y","[BEAMS DESIGN] 老眼鏡 リーディンググラス レディース メンズ 折りたたみ コンパクト ラウンド 軽量 専用ケース付き BDR-1001 (クリアミルキーグレーマット, 1.00)","新品","6380.00","いいえ",,"はい","4","4","0","0","4","419.67","0","0","0","0","0","0","0","4",
"bdr-1001-1-20","X001CRIBAB","B085PTVR45","[BEAMS DESIGN] 老眼鏡 リーディンググラス レディース メンズ 折りたたみ コンパクト ラウンド 軽量 専用ケース付き BDR-1001 (クリアミルキーグレーマット, 2.00)","新品","6380.00","いいえ",,"はい","0","0","0","0","0","629.92","0","0","0","0","0","0","0","0",
"bdr-1001-2-10","X001CRG9I7","B085Q5DXHQ","[BEAMS DESIGN] 老眼鏡 リーディンググラス レディース メンズ 折りたたみ コンパクト ラウンド 軽量 専用ケース付き BDR-1001 (クリアレッドマット, 1.00)","新品","6380.00","いいえ",,"はい","11","11","0","0","11","697.76","0","0","0","0","0","0","0","11",
"bdr-1001-2-15","X001CRITJT","B085Q4531K","[BEAMS DESIGN] 老眼鏡 リーディンググラス レディース メンズ 折りたたみ コンパクト ラウンド 軽量 専用ケース付き BDR-1001 (クリアレッドマット, 1.50)","新品","6380.00","いいえ",,"はい","3","3","0","0","3","419.51","0","0","0","0","0","0","0","3",
"bdr-1001-2-20","X001CRHCPV","B085PS3S1Q","[BEAMS DESIGN] 老眼鏡 リーディンググラス レディース メンズ 折りたたみ コンパクト ラウンド 軽量 専用ケース付き BDR-1001 (クリアレッドマット, 2.00)","新品","6380.00","いいえ",,"はい","24","24","0","0","24","423.93","0","0","0","0","0","0","0","24",
"bdr-1001-2-25","X001CRER3V","B085Q1WGV9","[BEAMS DESIGN] 老眼鏡 リーディンググラス レディース メンズ 折りたたみ コンパクト ラウンド 軽量 専用ケース付き BDR-1001 (クリアレッドマット, 2.50)","新品","6380.00","いいえ",,"はい","5","4","0","0","5","406.07","0","0","0","1","0","0","0","4",
"bdr-1002-1-10","X001CRIBMJ","B085PZF6Q7","[BEAMS DESIGN] 老眼鏡 リーディンググラス レディース メンズ 折りたたみ コンパクト ウェリントン 軽量 専用ケース付き BDR-1002 (ブラックマット/デミマット, 1.00)","新品","6380.00","いいえ",,"はい","13","13","0","0","13","419.67","0","0","0","0","0","0","0","13",
"bdr-1002-1-15","X001CRITNF","B085Q1L7Y6","[BEAMS DESIGN] 老眼鏡 リーディンググラス レディース メンズ 折りたたみ コンパクト ウェリントン 軽量 専用ケース付き BDR-1002 (ブラックマット/デミマット, 1.50)","新品","6380.00","いいえ",,"はい","18","18","0","0","18","419.51","0","0","0","0","0","0","0","18",
"bdr-1002-1-20","X001CRGXGP","B085Q4KLTZ","[BEAMS DESIGN] 老眼鏡 リーディンググラス レディース メンズ 折りたたみ コンパクト ウェリントン 軽量 専用ケース付き BDR-1002 (ブラックマット/デミマット, 2.00)","新品","6380.00","いいえ",,"はい","10","10","0","0","10","428.52","0","0","0","0","0","0","0","10",
"bdr-1002-1-25","X001CRESM1","B085Q3XDHQ","[BEAMS DESIGN] 老眼鏡 リーディンググラス レディース メンズ 折りたたみ コンパクト ウェリントン 軽量 専用ケース付き BDR-1002 (ブラックマット/デミマット, 2.50)","新品","6380.00","いいえ",,"はい","15","15","0","0","15","428.52","0","0","0","0","0","0","0","15",
"bdr-1002-2-10","X001CRG9QT","B085PZHBPG","[BEAMS DESIGN] 老眼鏡 リーディンググラス レディース メンズ 折りたたみ コンパクト ウェリントン 軽量 専用ケース付き BDR-1002 (ブラウンデミマット, 1.00)","新品","6380.00","いいえ",,"はい","21","21","0","0","21","433.27","0","0","0","0","0","0","0","21",
"bdr-1002-2-15","X001CRITQ7","B085PQBW3B","[BEAMS DESIGN] 老眼鏡 リーディンググラス レディース メンズ 折りたたみ コンパクト ウェリントン 軽量 専用ケース付き BDR-1002 (ブラウンデミマット, 1.50)","新品","6380.00","いいえ",,"はい","11","11","0","0","11","423.93","0","0","0","0","0","0","0","11",
"bdr-1002-2-20","X001CRITF3","B085PPLYRG","[BEAMS DESIGN] 老眼鏡 リーディンググラス レディース メンズ 折りたたみ コンパクト ウェリントン 軽量 専用ケース付き BDR-1002 (ブラウンデミマット, 2.00)","新品","6380.00","いいえ",,"はい","13","13","0","0","13","428.69","0","0","0","0","0","0","0","13",
"bdr-1002-2-25","X001CRITCL","B085PQDKC5","[BEAMS DESIGN] 老眼鏡 リーディンググラス レディース メンズ 折りたたみ コンパクト ウェリントン 軽量 専用ケース付き BDR-1002 (ブラウンデミマット, 2.50)","新品","6380.00","いいえ",,"はい","16","16","0","0","16","372.64","0","0","0","0","0","0","0","16",
"bdr-1003-1-10","X001CRI7MX","B085Q1RMH3","[ビームス デザイン] 老眼鏡 リーディンググラス レディース メンズ 折りたたみ コンパクト スクエア 軽量 BDR-1003-1+1.00","新品","6380.00","いいえ",,"はい","5","5","0","0","5","560.77","0","0","0","0","0","0","0","5",
"bdr-1003-1-15","X001CRG9KF","B085PNLFHR","[ビームス デザイン] 老眼鏡 リーディンググラス レディース メンズ 折りたたみ コンパクト スクエア 軽量 専用ケース付き BDR-1003-1+1.50","新品","6380.00","いいえ",,"はい","0","0","0","0","0","428.69","0","0","0","0","0","0","0","0",
"bdr-1003-1-20","X001CRITLR","B085Q7XBLT","[ビームス デザイン] 老眼鏡 リーディンググラス レディース メンズ 折りたたみ コンパクト スクエア 軽量 BDR-1003-1+2.00","新品","6380.00","いいえ",,"はい","14","14","0","0","14","428.52","0","0","0","0","0","0","0","14",
"bdr-1003-1-25","X001CRESRB","B085PY1K7C","[ビームス デザイン] 老眼鏡 リーディンググラス レディース メンズ 折りたたみ コンパクト スクエア 軽量 BDR-1003-1+2.50","新品","6380.00","いいえ",,"はい","18","18","0","0","18","396.73","0","0","0","0","0","0","0","18",
"bdr-1003-2-10","X001CRITRV","B085Q2XWCG","[ビームス デザイン] 老眼鏡 リーディンググラス レディース メンズ 折りたたみ コンパクト スクエア 軽量 BDR-1003-2+1.00","新品","6380.00","いいえ",,"はい","18","18","0","0","18","424.1","0","0","0","0","0","0","0","18",
"bdr-1003-2-15","X001CRESKX","B085PS26BB","[ビームス デザイン] 老眼鏡 リーディンググラス レディース メンズ 折りたたみ コンパクト スクエア 軽量 BDR-1003-2+1.50","新品","6380.00","いいえ",,"はい","20","20","0","0","20","424.1","0","0","0","0","0","0","0","20",
"bdr-1003-2-20","X001CRGXUB","B085Q6K34S","[ビームス デザイン] 老眼鏡 リーディンググラス レディース メンズ 折りたたみ コンパクト スクエア 軽量 BDR-1003-2+2.00","新品","6380.00","いいえ",,"はい","18","18","0","0","18","419.51","0","0","0","0","0","0","0","18",
"bdr-1003-2-25","X001CREV37","B085PTNLJ6","[ビームス デザイン] 老眼鏡 リーディンググラス レディース メンズ 折りたたみ コンパクト スクエア 軽量 BDR-1003-2+2.50","新品","6380.00","いいえ",,"はい","20","20","0","0","20","437.53","0","0","0","0","0","0","0","20",
"hm-r2-1-10","X000ZGMP7P","B09L44WNBH","hammoc 3Dプリンター製 アウトドアリーディンググラス hm-r2-1-10 スクエア ブラック×ブラウン 度数：+1.0","新品","9350.00","いいえ",,"はい","20","20","0","0","20","444.74","0","0","0","0","0","0","0","20",
"hm-r2-1-15","X000ZGM50R","B09L49TQLQ","hammoc 3Dプリンター製 アウトドアリーディンググラス hm-r2-1-15 スクエア ブラック×ブラウン 度数：+1.5","新品","9350.00","いいえ",,"はい","1","1","0","0","1","444.74","0","0","0","0","0","0","0","1",
"hm-r2-1-20","X000ZGM0BB","B09L4G5KC9","hammoc 3Dプリンター製 アウトドアリーディンググラス hm-r2-1-20 スクエア ブラック×ブラウン 度数：+2.0","新品","9350.00","いいえ",,"はい","0","0","0","0","0","553.39","0","0","0","0","0","0","0","0",
"hm-r2-1-25","X000ZGLOHH","B09L3ZMK2Z","[hammoc] 老眼鏡 ショートテンプル hm-r2-1 +25 金属アレルギー対応 ブルーライトカット 付属品あり","新品","9350.00","いいえ",,"はい","0","0","0","0","0","548.64","0","0","0","0","0","0","0","0",
"hm-r2-2-10","X000ZGM0BL","B09L41LQSL","hammoc 3Dプリンター製 アウトドアリーディンググラス hm-r2-2-10 スクエア ブラック×オリーブ 度数：+1.0","新品","9350.00","いいえ",,"はい","5","5","0","0","5","444.74","0","0","0","0","0","0","0","5",
"hm-r2-2-15","X000ZGLOGX","B09L42X8JH","hammoc 3Dプリンター製 アウトドアリーディンググラス hm-r2-2-15 スクエア ブラック×オリーブ 度数：+1.5","新品","9350.00","いいえ",,"はい","4","4","0","0","4","540.61","0","0","0","0","0","0","0","4",
"hm-r2-2-25","X000ZGM0B1","B09L4BSWD1","[hammoc] 老眼鏡 ショートテンプル hm-r2-2 +25 金属アレルギー対応 ブルーライトカット 付属品あり","新品","9350.00","いいえ",,"はい","0","0","0","0","0","444.74","0","0","0","0","0","0","0","0",
"hm-r2-3-10","X000ZGMP7Z","B09L48XSGG","hammoc 3Dプリンター製 アウトドアリーディンググラス hm-r2-3-10 スクエア ブラック×グレー 度数：+1.0","新品","9350.00","いいえ",,"はい","15","15","0","0","15","444.74","0","0","0","0","0","0","0","15",
"hm-r2-3-15","X000ZGM507","B09L46Q4N4","hammoc 3Dプリンター製 アウトドアリーディンググラス hm-r2-3-15 スクエア ブラック×グレー 度数：+1.5","新品","9350.00","いいえ",,"はい","14","14","0","0","14","444.74","0","0","0","0","0","0","0","14",
"hm-r2-3-20","X000ZGM50H","B09L3WRKG4","hammoc 3Dプリンター製 アウトドアリーディンググラス hm-r2-3-20 スクエア ブラック×グレー 度数：+2.0","新品","9350.00","いいえ",,"はい","0","0","0","0","0","444.74","0","0","0","0","0","0","0","0",
"hm-r2-3-25","X000ZGMP89","B09L3YBHJX","[hammoc] 老眼鏡 ショートテンプル hm-r2-3 +25 金属アレルギー対応 ブルーライトカット 付属品あり","新品","9350.00","いいえ",,"はい","2","2","0","0","2","444.74","0","0","0","0","0","0","0","2",
